file,variant,build,n_bytes,reps,median_ms,mean_ms,min_ms,max_ms,cv_pct,MBps,ns_per_B,threads,note,reps_ms
scratch/ratio-first/corpora/silesia/dickens,plain_fresh,REF,10192446,7,493.9200,521.4404,474.4415,609.8270,10.31,20.64,48.4594,1,baseline,609.8270;484.5865;474.4415;505.2156;481.5393;600.5529;493.9200
scratch/ratio-first/corpora/silesia/dickens,plain_reuse,REF,10192446,7,510.1364,529.4476,463.3495,606.7761,8.60,19.98,50.0504,1,baseline,582.5372;509.8511;528.3101;505.1729;463.3495;606.7761;510.1364
scratch/ratio-first/corpora/silesia/dickens,plain_freq,REF,10192446,7,514.9691,509.9212,483.4565,528.2844,2.82,19.79,50.5246,1,baseline,528.2844;501.3780;501.3633;524.1242;483.4565;515.8730;514.9691
scratch/ratio-first/corpora/silesia/dickens,aux_r1048576,REF,10192446,7,188.8269,189.2603,174.4381,208.2635,6.31,53.98,18.5262,1,aux_index_input,174.4381;188.8269;181.9595;190.0487;204.0381;208.2635;177.2472
scratch/ratio-first/corpora/silesia/dickens,aux_r262144,REF,10192446,7,145.2274,149.4904,138.5801,171.7250,7.13,70.18,14.2485,1,aux_index_input,141.1265;150.1191;143.0368;138.5801;171.7250;156.6180;145.2274
scratch/ratio-first/corpora/silesia/dickens,aux_r65536,REF,10192446,7,151.7585,151.4990,142.3909,166.8353,4.94,67.16,14.8893,1,aux_index_input,152.9836;151.7585;143.1782;142.3909;150.4463;166.8353;152.9000
scratch/ratio-first/corpora/silesia/dickens,aux_r8192,REF,10192446,7,146.9805,149.5198,141.1208,163.1131,4.83,69.35,14.4205,1,aux_index_input,143.9795;141.1208;147.9127;146.2593;163.1131;157.2727;146.9805
scratch/ratio-first/corpora/silesia/webster,plain_fresh,REF,41458703,7,2258.6190,2391.7349,2082.0051,2911.0607,13.28,18.36,54.4788,1,baseline,2911.0607;2147.7716;2082.0051;2125.7530;2830.5649;2258.6190;2386.3702
scratch/ratio-first/corpora/silesia/webster,plain_reuse,REF,41458703,7,2191.0482,2389.4039,2104.8632,2911.8509,11.71,18.92,52.8489,1,baseline,2570.0801;2185.2763;2104.8632;2191.0482;2581.8403;2180.8681;2911.8509
scratch/ratio-first/corpora/silesia/webster,plain_freq,REF,41458703,7,2225.2612,2247.2457,2124.4426,2425.3748,5.09,18.63,53.6742,1,baseline,2144.3593;2225.2612;2158.1022;2245.8765;2407.3036;2124.4426;2425.3748
scratch/ratio-first/corpora/silesia/webster,aux_r4194304,REF,41458703,7,793.3553,814.1232,753.6676,962.9365,8.30,52.26,19.1360,1,aux_index_input,753.6676;753.9393;793.3553;962.9365;802.3071;785.0433;847.6131
scratch/ratio-first/corpora/silesia/webster,aux_r1048576,REF,41458703,7,680.6463,702.4992,624.5334,879.0439,11.36,60.91,16.4175,1,aux_index_input,633.7944;624.5334;680.6463;879.0439;695.5117;669.7523;734.2127
scratch/ratio-first/corpora/silesia/webster,aux_r262144,REF,41458703,7,658.0346,676.2062,622.0832,782.5044,7.61,63.00,15.8720,1,aux_index_input,622.0832;626.8315;707.1614;782.5044;683.6356;658.0346;653.1928
scratch/ratio-first/corpora/silesia/webster,aux_r32768,REF,41458703,7,646.2510,695.5097,629.8197,892.9857,13.04,64.15,15.5878,1,aux_index_input,629.8197;656.0140;646.2510;761.3521;645.1207;637.0250;892.9857
scratch/ratio-first/corpora/enwik8dir/enwik8,plain_fresh,REF,100000000,7,5881.1257,5948.4686,5582.2365,6762.6807,6.14,17.00,58.8113,1,baseline,6762.6807;6026.5121;5582.2365;5988.8663;5680.8177;5717.0412;5881.1257
scratch/ratio-first/corpora/enwik8dir/enwik8,plain_reuse,REF,100000000,7,5774.6901,5890.6923,5536.2547,6726.5315,6.09,17.32,57.7469,1,baseline,5801.0966;5736.7279;5936.9843;5722.5607;6726.5315;5774.6901;5536.2547
scratch/ratio-first/corpora/enwik8dir/enwik8,plain_freq,REF,100000000,7,6037.2851,5950.8963,5555.8727,6336.5598,4.83,16.56,60.3729,1,baseline,6068.7615;6037.2851;5787.0611;6336.5598;6270.5360;5555.8727;5600.1976
scratch/ratio-first/corpora/enwik8dir/enwik8,aux_r8388608,REF,100000000,7,1889.2641,1906.7140,1850.3618,2040.3070,3.14,52.93,18.8926,1,aux_index_input,1923.9417;2040.3070;1850.3618;1911.1660;1856.7156;1875.2415;1889.2641
scratch/ratio-first/corpora/enwik8dir/enwik8,aux_r2097152,REF,100000000,7,1685.0608,1727.7257,1642.1173,1899.1661,5.31,59.35,16.8506,1,aux_index_input,1834.4000;1899.1661;1652.3320;1707.6605;1642.1173;1673.3431;1685.0608
scratch/ratio-first/corpora/enwik8dir/enwik8,aux_r524288,REF,100000000,7,1657.6185,1714.7325,1635.3414,1915.6558,6.01,60.33,16.5762,1,aux_index_input,1635.3414;1915.6558;1639.8927;1676.0817;1649.7093;1657.6185;1828.8281
scratch/ratio-first/corpora/enwik8dir/enwik8,aux_r65536,REF,100000000,7,1765.1210,1783.9174,1617.2371,1963.1562,6.68,56.65,17.6512,1,aux_index_input,1757.0605;1852.3019;1765.1210;1617.2371;1637.5177;1963.1562;1895.0273
file,variant,build,n_bytes,reps,median_ms,mean_ms,min_ms,max_ms,cv_pct,MBps,ns_per_B,threads,note,reps_ms
scratch/ratio-first/corpora/silesia/dickens,plain_fresh,OMP,10192446,7,502.6626,493.5524,458.8648,535.1016,6.01,20.28,49.3172,1,baseline,461.3930;524.9570;508.4128;458.8648;463.4747;535.1016;502.6626
scratch/ratio-first/corpora/silesia/dickens,plain_reuse,OMP,10192446,7,481.2495,496.6954,451.2356,539.2031,7.02,21.18,47.2163,1,baseline,451.2356;539.2031;535.4497;481.2495;461.1741;531.7521;476.8035
scratch/ratio-first/corpora/silesia/dickens,plain_freq,OMP,10192446,7,508.6140,508.5881,444.0519,568.1351,9.54,20.04,49.9011,1,baseline,508.6140;549.0411;568.1351;444.0519;453.0120;562.3953;474.8670
scratch/ratio-first/corpora/silesia/dickens,aux_r524288,OMP,10192446,7,150.0466,154.1837,143.9132,168.4822,6.35,67.93,14.7214,1,aux_index_input,150.0466;168.4822;144.6049;143.9132;146.8658;167.8751;157.4978
scratch/ratio-first/corpora/silesia/dickens,aux_r131072,OMP,10192446,7,143.5604,149.6764,134.6623,183.6057,9.99,71.00,14.0850,1,aux_index_input,142.2744;155.1645;142.4432;134.6623;146.0245;183.6057;143.5604
scratch/ratio-first/corpora/silesia/dickens,aux_r32768,OMP,10192446,7,150.2828,150.2234,140.1069,164.5770,5.08,67.82,14.7445,1,aux_index_input,146.3100;156.0148;164.5770;140.1069;151.0980;150.2828;143.1744
scratch/ratio-first/corpora/silesia/dickens,omp_rn_t1,OMP,10192446,7,514.1129,542.5388,448.9341,772.1902,19.22,19.83,50.4406,1,omp_prototype,477.6255;514.1129;590.8338;457.7350;448.9341;772.1902;536.3403
scratch/ratio-first/corpora/silesia/dickens,omp_r524288_t1,OMP,10192446,7,158.4500,159.2497,142.3804,172.2963,5.97,64.33,15.5458,1,omp_prototype,165.3131;152.0578;168.1639;142.3804;158.4500;172.2963;156.0863
scratch/ratio-first/corpora/silesia/dickens,omp_r131072_t1,OMP,10192446,7,146.4139,146.9186,138.4193,159.4997,4.47,69.61,14.3649,1,omp_prototype,159.4997;146.4139;139.5805;138.4193;150.8884;147.7376;145.8905
scratch/ratio-first/corpora/silesia/dickens,omp_r32768_t1,OMP,10192446,7,142.1752,142.7564,133.3531,152.5370,5.06,71.69,13.9491,1,omp_prototype,152.5370;142.1752;133.5966;139.3880;147.5117;133.3531;150.7334
scratch/ratio-first/corpora/silesia/dickens,omp_rn_t4,OMP,10192446,7,445.8881,457.2314,406.5212,515.1087,8.02,22.86,43.7469,4,omp_prototype,490.5984;445.8881;406.5212;437.8083;515.1087;422.1328;482.5625
scratch/ratio-first/corpora/silesia/dickens,omp_r524288_t4,OMP,10192446,7,51.3876,52.1008,47.3609,58.5877,6.35,198.34,5.0417,4,omp_prototype,51.3876;49.9502;47.3609;52.0150;50.9535;54.4504;58.5877
scratch/ratio-first/corpora/silesia/dickens,omp_r131072_t4,OMP,10192446,7,49.8809,49.9448,45.3806,54.1038,5.99,204.34,4.8939,4,omp_prototype,54.1038;45.3806;49.8809;46.8569;49.0465;50.7149;53.6301
scratch/ratio-first/corpora/silesia/dickens,omp_r32768_t4,OMP,10192446,7,48.0900,49.0397,45.1008,55.4906,6.47,211.95,4.7182,4,omp_prototype,46.6329;48.0900;45.1008;47.2709;50.2219;50.4709;55.4906
scratch/ratio-first/corpora/silesia/dickens,omp_rn_t8,OMP,10192446,7,492.1866,463.1655,359.5650,532.3614,13.07,20.71,48.2894,8,omp_prototype,492.1866;441.7970;396.4748;359.5650;506.7679;513.0059;532.3614
scratch/ratio-first/corpora/silesia/dickens,omp_r524288_t8,OMP,10192446,7,38.9273,37.9836,33.5132,39.6333,5.25,261.83,3.8192,8,omp_prototype,37.2981;39.4720;38.9273;33.5132;37.8079;39.2331;39.6333
scratch/ratio-first/corpora/silesia/dickens,omp_r131072_t8,OMP,10192446,7,30.0118,29.2431,25.9071,32.2348,7.52,339.61,2.9445,8,omp_prototype,30.8212;30.0118;26.5618;25.9071;30.8684;32.2348;28.2963
scratch/ratio-first/corpora/silesia/dickens,omp_r32768_t8,OMP,10192446,7,24.7126,25.3089,22.9706,27.7657,6.12,412.44,2.4246,8,omp_prototype,26.6357;24.1124;22.9706;24.7126;24.5643;26.4011;27.7657
scratch/ratio-first/corpora/silesia/dickens,omp_rn_t16,OMP,10192446,7,440.2583,439.9654,410.8655,467.8499,4.71,23.15,43.1946,16,omp_prototype,465.4830;435.3646;413.9817;410.8655;440.2583;467.8499;445.9545
scratch/ratio-first/corpora/silesia/dickens,omp_r524288_t16,OMP,10192446,7,29.7445,29.2478,26.3984,31.9774,5.55,342.67,2.9183,16,omp_prototype,26.3984;28.5125;30.0075;29.8947;29.7445;28.1993;31.9774
scratch/ratio-first/corpora/silesia/dickens,omp_r131072_t16,OMP,10192446,7,16.9361,17.1150,16.4113,18.4764,3.76,601.82,1.6616,16,omp_prototype,16.9009;16.5839;16.9361;16.4113;16.9687;18.4764;17.5277
scratch/ratio-first/corpora/silesia/dickens,omp_r32768_t16,OMP,10192446,7,16.8698,17.5925,15.7732,20.7757,9.35,604.18,1.6551,16,omp_prototype,16.6748;20.7757;15.7732;16.6360;17.1018;19.3160;16.8698
scratch/ratio-first/corpora/silesia/webster,plain_fresh,OMP,41458703,7,2085.1171,2146.4441,1979.5880,2519.5910,7.73,19.88,50.2938,1,baseline,2059.0684;2218.7733;2519.5910;2096.0360;1979.5880;2085.1171;2066.9350
scratch/ratio-first/corpora/silesia/webster,plain_reuse,OMP,41458703,7,2025.1334,2088.2348,1956.0914,2307.6449,5.53,20.47,48.8470,1,baseline,2143.2795;2171.5862;2307.6449;2021.3942;1992.5143;1956.0914;2025.1334
scratch/ratio-first/corpora/silesia/webster,plain_freq,OMP,41458703,7,2037.8151,2072.9362,1911.8849,2454.6617,8.18,20.34,49.1529,1,baseline,2128.0776;1987.1445;2454.6617;1940.0317;1911.8849;2050.9378;2037.8151
scratch/ratio-first/corpora/silesia/webster,aux_r2097152,OMP,41458703,7,657.1247,670.7315,636.9475,738.1228,5.67,63.09,15.8501,1,aux_index_input,738.1228;657.1247;718.3065;638.4388;636.9475;640.2025;665.9776
scratch/ratio-first/corpora/silesia/webster,aux_r524288,OMP,41458703,7,634.5911,693.7403,610.3303,939.9876,15.96,65.33,15.3066,1,aux_index_input,939.9876;634.5911;735.3242;708.3934;614.4532;610.3303;613.1023
scratch/ratio-first/corpora/silesia/webster,aux_r131072,OMP,41458703,7,637.5889,661.5796,612.2656,810.8994,9.73,65.02,15.3789,1,aux_index_input,612.2656;647.6829;677.5297;810.8994;637.5889;632.5126;612.5779
scratch/ratio-first/corpora/silesia/webster,omp_rn_t1,OMP,41458703,7,2034.1425,2041.9583,1883.2827,2374.3409,7.27,20.38,49.0643,1,omp_prototype,2034.1425;2062.6094;2041.8678;1929.2310;1883.2827;2374.3409;1968.2340
scratch/ratio-first/corpora/silesia/webster,omp_r2097152_t1,OMP,41458703,7,649.0468,713.3629,633.9591,1026.1633,18.48,63.88,15.6553,1,omp_prototype,657.6395;647.5159;649.0468;640.7301;633.9591;738.4859;1026.1633
scratch/ratio-first/corpora/silesia/webster,omp_r524288_t1,OMP,41458703,7,625.4123,623.6141,596.3167,650.9801,2.87,66.29,15.0852,1,omp_prototype,650.9801;609.6111;611.2113;625.4123;642.8088;628.9585;596.3167
scratch/ratio-first/corpora/silesia/webster,omp_r131072_t1,OMP,41458703,7,625.1980,620.7262,599.1998,643.3522,2.52,66.31,15.0800,1,omp_prototype,625.2057;609.6761;604.1745;599.1998;643.3522;638.2773;625.1980
scratch/ratio-first/corpora/silesia/webster,omp_rn_t4,OMP,41458703,7,1868.7242,1928.4172,1835.0102,2160.9910,5.59,22.19,45.0744,4,omp_prototype,2002.9562;1908.0649;1855.7796;1867.3942;1835.0102;2160.9910;1868.7242
scratch/ratio-first/corpora/silesia/webster,omp_r2097152_t4,OMP,41458703,7,230.6981,231.6942,224.5964,238.8035,2.03,179.71,5.5645,4,omp_prototype,231.7603;237.7435;227.7751;230.4825;238.8035;224.5964;230.6981
scratch/ratio-first/corpora/silesia/webster,omp_r524288_t4,OMP,41458703,7,209.8851,215.7818,206.0612,238.5460,4.87,197.53,5.0625,4,omp_prototype,206.0612;209.2772;209.8851;221.4239;208.7433;238.5460;216.5360
scratch/ratio-first/corpora/silesia/webster,omp_r131072_t4,OMP,41458703,7,201.0005,201.1725,197.6084,204.3838,1.14,206.26,4.8482,4,omp_prototype,197.6084;199.0699;199.9097;204.3838;203.3712;202.8642;201.0005
scratch/ratio-first/corpora/silesia/webster,omp_rn_t8,OMP,41458703,7,1894.3675,1938.0140,1793.8355,2194.6742,6.79,21.89,45.6929,8,omp_prototype,2052.1635;1894.3675;1813.8099;1793.8355;1872.8763;2194.6742;1944.3711
scratch/ratio-first/corpora/silesia/webster,omp_r2097152_t8,OMP,41458703,7,177.9481,183.8456,168.9804,224.5857,9.40,232.98,4.2922,8,omp_prototype,181.1777;184.2033;224.5857;168.9804;177.4981;177.9481;172.5256
scratch/ratio-first/corpora/silesia/webster,omp_r524288_t8,OMP,41458703,7,128.8467,134.9107,124.0093,169.8808,10.88,321.77,3.1078,8,omp_prototype,128.5612;133.8201;169.8808;128.8467;125.5501;124.0093;133.7068
scratch/ratio-first/corpora/silesia/webster,omp_r131072_t8,OMP,41458703,7,113.8768,117.9601,104.0543,140.4536,9.53,364.07,2.7468,8,omp_prototype,115.8795;112.2384;140.4536;104.0543;111.6625;127.5554;113.8768
scratch/ratio-first/corpora/silesia/webster,omp_rn_t16,OMP,41458703,7,1943.6477,1902.2285,1794.6543,1990.2910,3.88,21.33,46.8815,16,omp_prototype,1990.2910;1960.9600;1943.6477;1824.2642;1794.6543;1839.1031;1962.6792
scratch/ratio-first/corpora/silesia/webster,omp_r2097152_t16,OMP,41458703,7,163.5632,159.5006,147.7820,166.6007,4.62,253.47,3.9452,16,omp_prototype,164.2816;166.6007;164.3492;147.7820;148.3192;161.6084;163.5632
scratch/ratio-first/corpora/silesia/webster,omp_r524288_t16,OMP,41458703,7,85.7888,86.6184,81.4886,98.7728,6.20,483.26,2.0693,16,omp_prototype,85.8797;82.0624;85.7888;84.5645;81.4886;87.7718;98.7728
scratch/ratio-first/corpora/silesia/webster,omp_r131072_t16,OMP,41458703,7,82.4734,85.0175,78.6648,96.0002,6.76,502.69,1.9893,16,omp_prototype,82.4734;84.8068;90.7328;80.1848;78.6648;82.2597;96.0002
scratch/ratio-first/corpora/enwik8dir/enwik8,plain_fresh,OMP,100000000,7,6452.6291,7187.3068,6047.9957,10858.8483,21.57,15.50,64.5263,1,baseline,10858.8483;6315.1385;6047.9957;6452.6291;6984.7370;7295.6394;6356.1595
scratch/ratio-first/corpora/enwik8dir/enwik8,plain_reuse,OMP,100000000,7,6801.3701,6800.0337,5881.5569,8571.4029,11.87,14.70,68.0137,1,baseline,8571.4029;6106.4801;5881.5569;6801.3701;6880.6502;6502.7095;6856.0663
scratch/ratio-first/corpora/enwik8dir/enwik8,plain_freq,OMP,100000000,7,6257.3225,6519.6221,5997.7717,7520.3725,8.01,15.98,62.5732,1,baseline,7520.3725;5997.7717;6753.7388;6909.7662;6055.4532;6142.9297;6257.3225
scratch/ratio-first/corpora/enwik8dir/enwik8,aux_r4194304,OMP,100000000,7,1752.2043,1807.0345,1691.9566,1999.6876,6.28,57.07,17.5220,1,aux_index_input,1999.6876;1691.9566;1964.7898;1771.2180;1724.2648;1752.2043;1745.1202
scratch/ratio-first/corpora/enwik8dir/enwik8,aux_r1048576,OMP,100000000,7,1988.4214,1926.4788,1712.6367,2144.5698,9.05,50.29,19.8842,1,aux_index_input,2131.5629;1739.2573;2016.4954;1712.6367;1988.4214;2144.5698;1752.4082
scratch/ratio-first/corpora/enwik8dir/enwik8,aux_r262144,OMP,100000000,7,1826.5943,1886.3605,1681.2555,2188.8589,10.60,54.75,18.2659,1,aux_index_input,2188.8589;1681.2555;1931.8959;1826.5943;1705.6748;2162.0770;1708.1670
scratch/ratio-first/corpora/enwik8dir/enwik8,omp_rn_t1,OMP,100000000,7,6719.0638,7162.4376,6347.1850,9938.5789,16.36,14.88,67.1906,1,omp_prototype,9938.5789;6347.1850;6984.4044;6719.0638;6564.7843;7225.5452;6357.5014
scratch/ratio-first/corpora/enwik8dir/enwik8,omp_r4194304_t1,OMP,100000000,7,1738.8233,1847.0671,1719.4010,2136.5403,8.58,57.51,17.3882,1,omp_prototype,2136.5403;1719.4010;1732.4863;1828.4400;1732.9575;2040.8212;1738.8233
scratch/ratio-first/corpora/enwik8dir/enwik8,omp_r1048576_t1,OMP,100000000,7,1762.9549,1858.0570,1670.3823,2429.6012,13.05,56.72,17.6295,1,omp_prototype,2429.6012;1748.1493;1707.5519;1762.9549;1792.5007;1895.2589;1670.3823
scratch/ratio-first/corpora/enwik8dir/enwik8,omp_r262144_t1,OMP,100000000,7,1813.6221,1867.5227,1676.2500,2501.8150,14.38,55.14,18.1362,1,omp_prototype,2501.8150;1676.2500;1702.6607;1845.9157;1679.2488;1853.1465;1813.6221
scratch/ratio-first/corpora/enwik8dir/enwik8,omp_rn_t4,OMP,100000000,7,5741.5675,6358.9033,5496.6258,9336.5686,19.79,17.42,57.4157,4,omp_prototype,9336.5686;6332.1368;5496.6258;5557.1661;5741.5675;6359.5691;5688.6889
scratch/ratio-first/corpora/enwik8dir/enwik8,omp_r4194304_t4,OMP,100000000,7,647.9629,675.0689,605.5629,746.2224,8.04,154.33,6.4796,4,omp_prototype,746.2224;623.8308;647.9629;605.5629;642.3812;741.8354;717.6864
scratch/ratio-first/corpora/enwik8dir/enwik8,omp_r1048576_t4,OMP,100000000,7,600.8990,611.5231,577.6266,676.7245,5.45,166.42,6.0090,4,omp_prototype,600.8990;676.7245;587.7577;581.6289;616.4644;639.5608;577.6266
scratch/ratio-first/corpora/enwik8dir/enwik8,omp_r262144_t4,OMP,100000000,7,584.0732,605.2276,557.7714,703.2823,8.35,171.21,5.8407,4,omp_prototype,559.1232;583.9653;703.2823;584.0732;557.7714;657.7575;590.6202
scratch/ratio-first/corpora/enwik8dir/enwik8,omp_rn_t8,OMP,100000000,7,5671.9783,5934.5865,5619.7789,6637.5316,6.21,17.63,56.7198,8,omp_prototype,5640.8154;6233.4808;6098.4390;6637.5316;5619.7789;5671.9783;5640.0815
scratch/ratio-first/corpora/enwik8dir/enwik8,omp_r4194304_t8,OMP,100000000,7,501.8177,496.2977,455.2292,532.4960,6.28,199.28,5.0182,8,omp_prototype,462.0342;532.4960;522.6474;530.6251;455.2292;469.2340;501.8177
scratch/ratio-first/corpora/enwik8dir/enwik8,omp_r1048576_t8,OMP,100000000,7,392.7074,395.9683,353.7208,431.4044,6.87,254.64,3.9271,8,omp_prototype,391.1926;392.7074;406.1713;431.4044;366.7869;353.7208;429.7947
scratch/ratio-first/corpora/enwik8dir/enwik8,omp_r262144_t8,OMP,100000000,7,336.6255,365.0464,325.0761,444.1930,13.13,297.07,3.3663,8,omp_prototype,327.9432;336.6255;363.5936;432.0285;325.8647;325.0761;444.1930
scratch/ratio-first/corpora/enwik8dir/enwik8,omp_rn_t16,OMP,100000000,7,5649.1858,6017.4387,5416.1588,7065.6252,10.13,17.70,56.4919,16,omp_prototype,5416.1588;5468.1863;6508.0531;7065.6252;5649.1858;5525.6623;6489.1991
scratch/ratio-first/corpora/enwik8dir/enwik8,omp_r4194304_t16,OMP,100000000,7,419.9612,418.1511,382.1504,461.9762,6.15,238.12,4.1996,16,omp_prototype,403.5732;391.7424;461.9762;432.6820;382.1504;419.9612;434.9724
scratch/ratio-first/corpora/enwik8dir/enwik8,omp_r1048576_t16,OMP,100000000,7,222.8792,235.8710,218.3005,261.0417,7.47,448.67,2.2288,16,omp_prototype,222.8792;218.3005;245.9765;261.0417;221.3509;222.0246;259.5234
scratch/ratio-first/corpora/enwik8dir/enwik8,omp_r262144_t16,OMP,100000000,7,245.3757,242.0575,205.9863,264.1983,7.69,407.54,2.4538,16,omp_prototype,259.3754;234.3201;264.1983;254.0628;231.0840;205.9863;245.3757
