ts_utc,total_cpu_pct,own_anvil_pct
2026-09-12T06:43:36.1493687Z,31.4030033318309,1.703125
2026-09-12T06:43:38.1966654Z,36.3374678126328,3.890625
2026-09-12T06:43:40.2520092Z,29.4268926761664,5.96875
2026-09-12T06:43:42.2844860Z,31.8070518781684,8.078125
2026-09-12T06:43:44.3202923Z,29.2863661527488,10.171875
2026-09-12T06:43:46.3696504Z,24.9488879042802,12.28125
2026-09-12T06:43:48.4174720Z,26.8253527039779,14.359375
2026-09-12T06:43:50.4639675Z,23.5798992637317,16.46875
2026-09-12T06:43:52.5022053Z,33.1365555622649,18.578125
2026-09-12T06:43:54.5329920Z,23.822167582575,20.6875
2026-09-12T06:43:56.5773606Z,24.455014949445,22.796875
2026-09-12T06:43:58.6128529Z,29.0095683497798,24.90625
2026-09-12T06:44:00.6622001Z,33.6839930535891,27.234375
2026-09-12T06:44:02.7142163Z,28.0513993281518,29.390625
2026-09-12T06:44:04.7591944Z,28.1279134546345,31.625
2026-09-12T06:44:06.7917952Z,25.2340062672974,33.75
2026-09-12T06:44:08.8286668Z,29.995613623518,35.890625
2026-09-12T06:44:10.8736520Z,26.4926285016045,38.0625
2026-09-12T06:44:12.9180428Z,36.195651335468,40.25
2026-09-12T06:44:14.9567770Z,37.5002452002667,42.4375
2026-09-12T06:44:16.9990836Z,34.7852416387633,44.609375
2026-09-12T06:44:19.0637761Z,61.7635967493411,46.921875
2026-09-12T06:44:21.1136916Z,53.3977661573933,49.296875
2026-09-12T06:44:23.2300671Z,47.3174960028914,51.65625
2026-09-12T06:44:25.2857708Z,45.1225985222719,53.953125
2026-09-12T06:44:27.3213721Z,29.7725498953,56.078125
2026-09-12T06:44:29.3656114Z,36.0894141773737,58.25
2026-09-12T06:44:31.4073519Z,24.8469666482976,60.328125
2026-09-12T06:44:33.4542344Z,29.6397777973213,62.421875
2026-09-12T06:44:35.4861807Z,31.2798593354327,64.546875
2026-09-12T06:44:37.5236827Z,44.1683084535976,66.765625
2026-09-12T06:44:39.5654618Z,28.1195570432484,68.875
2026-09-12T06:44:41.6067983Z,33.9601493274515,70.96875
2026-09-12T06:44:43.6493183Z,25.0173232528429,73.078125
2026-09-12T06:44:45.6971891Z,30.3674410483947,75.1875
2026-09-12T06:44:47.7327202Z,30.621483465709,77.375
2026-09-12T06:44:49.7759557Z,44.3671102724879,79.53125
2026-09-12T06:44:51.8032422Z,28.5921905933708,81.671875
2026-09-12T06:44:53.8407741Z,31.3310142601371,83.796875
2026-09-12T06:44:55.8707518Z,37.951862417745,85.921875
2026-09-12T06:44:57.9185964Z,38.6747342050878,88.0625
2026-09-12T06:44:59.9876818Z,45.1645994637108,90.328125
2026-09-12T06:45:02.0340222Z,46.9235517848978,92.671875
2026-09-12T06:45:04.0882003Z,54.4694937514827,95.0625
2026-09-12T06:45:06.1275640Z,33.664827366138,97.25
2026-09-12T06:45:08.1660735Z,35.0433416125164,99.390625
2026-09-12T06:45:10.2152243Z,34.16875948216,101.609375
2026-09-12T06:45:12.2564477Z,37.2505638611876,103.890625
2026-09-12T06:45:14.2862739Z,32.438260478008,106.078125
2026-09-12T06:45:16.3247412Z,30.8200922730102,108.15625
2026-09-12T06:45:18.3578108Z,27.4717275442635,110.3125
2026-09-12T06:45:20.3999235Z,34.0460976288638,112.5625
2026-09-12T06:45:22.4329551Z,45.3245434026349,114.703125
2026-09-12T06:45:24.5400577Z,76.3296593952704,116.96875
2026-09-12T06:45:26.5790349Z,46.4786521406665,119.140625
2026-09-12T06:45:28.6343023Z,40.6998545735718,121.375
2026-09-12T06:45:30.6945914Z,29.6073687126676,123.53125
2026-09-12T06:45:32.7420228Z,45.6437337158678,125.828125
2026-09-12T06:45:34.7825338Z,37.3538447026773,127.984375
2026-09-12T06:45:36.8344709Z,43.5870101597526,130.21875
2026-09-12T06:45:38.8726437Z,40.2698929716219,132.5
2026-09-12T06:45:40.9187746Z,45.5157480534614,134.703125
2026-09-12T06:45:42.9593544Z,34.0559814739656,136.953125
2026-09-12T06:45:45.0074171Z,40.4566717870268,139.109375
2026-09-12T06:45:47.0619502Z,35.5473458858202,141.34375
2026-09-12T06:45:49.1086264Z,35.6479511349679,143.5
2026-09-12T06:45:51.1423044Z,29.9594743650929,145.609375
2026-09-12T06:45:53.1980205Z,40.810975733281,147.765625
2026-09-12T06:45:55.2460588Z,38.7128121400168,149.96875
2026-09-12T06:45:57.3058290Z,36.2870103473376,152.125
2026-09-12T06:45:59.3424568Z,33.1830401326404,154.34375
2026-09-12T06:46:01.3799000Z,24.5178822451707,156.40625
2026-09-12T06:46:03.4141728Z,35.0838639807933,158.5
2026-09-12T06:46:05.4600860Z,28.9158701199313,160.640625
2026-09-12T06:46:07.5048986Z,27.3157088237784,162.8125
2026-09-12T06:46:09.5646232Z,46.2358553924373,165.03125
2026-09-12T06:46:11.5957831Z,32.4755914055227,167.140625
2026-09-12T06:46:13.6330827Z,39.9317079999756,169.3125
2026-09-12T06:46:15.6655418Z,37.0394785379442,171.421875
2026-09-12T06:46:17.6960487Z,23.6627699688566,173.59375
2026-09-12T06:46:19.7327607Z,29.2154310548135,175.71875
2026-09-12T06:46:21.7796329Z,37.6921947027049,177.859375
2026-09-12T06:46:23.8268228Z,66.2851767360323,180
2026-09-12T06:46:25.8722779Z,33.5873168505003,182.1875
2026-09-12T06:46:27.9117772Z,33.7472932323071,184.375
2026-09-12T06:46:29.9809496Z,64.3641708370889,186.546875
2026-09-12T06:46:32.0221293Z,43.8388294711676,188.75
2026-09-12T06:46:34.0642162Z,31.6892459189604,190.90625
2026-09-12T06:46:36.1018264Z,28.0701397372778,193
2026-09-12T06:46:38.1465557Z,35.3039639894194,195.171875
2026-09-12T06:46:40.2271291Z,43.1300138536985,197.46875
2026-09-12T06:46:42.2727976Z,29.6430259641048,199.5625
2026-09-12T06:46:44.3079354Z,42.7408607648616,201.8125
2026-09-12T06:46:46.3563986Z,24.421024488084,203.890625
2026-09-12T06:46:48.3894474Z,21.2080608042636,205.953125
2026-09-12T06:46:50.4310754Z,24.0136362089005,208.125
2026-09-12T06:46:52.4784987Z,25.1012332534824,210.203125
2026-09-12T06:46:54.5177194Z,29.3319666635806,212.328125
2026-09-12T06:46:56.5554688Z,31.0965462909598,214.5625
2026-09-12T06:46:58.5952658Z,36.4749342737013,216.703125
2026-09-12T06:47:00.6487511Z,44.8927782716486,219
2026-09-12T06:47:02.6816322Z,25.2721158480437,221.09375
2026-09-12T06:47:04.7260787Z,23.7379190922617,223.1875
2026-09-12T06:47:06.7604881Z,17.2880379292065,225.25
2026-09-12T06:47:08.7935863Z,24.996291255169,227.296875
2026-09-12T06:47:10.8183401Z,39.4859338238576,229.453125
2026-09-12T06:47:12.8597896Z,28.6051495407103,231.65625
2026-09-12T06:47:14.8939806Z,23.9467517362129,233.75
2026-09-12T06:47:16.9292703Z,21.5698787365056,235.859375
2026-09-12T06:47:18.9684571Z,25.1158993083471,237.90625
2026-09-12T06:47:21.0047521Z,20.3328072605234,239.953125
2026-09-12T06:47:23.0428695Z,21.7483760666892,242.0625
2026-09-12T06:47:25.0748317Z,23.3212994153931,244.15625
2026-09-12T06:47:27.1124125Z,26.3512472789609,246.25
2026-09-12T06:47:29.1569750Z,22.3991353760154,248.359375
2026-09-12T06:47:31.1950310Z,18.9027588200216,250.40625
2026-09-12T06:47:33.2214273Z,16.2381662106371,252.453125
2026-09-12T06:47:35.2748615Z,41.8122958405788,254.5625
2026-09-12T06:47:37.3065994Z,38.4781320445131,256.8125
2026-09-12T06:47:39.3771900Z,40.5349597350319,259.015625
2026-09-12T06:47:41.4279598Z,31.2479331279653,261.265625
2026-09-12T06:47:43.4682694Z,42.9616515712486,263.359375
2026-09-12T06:47:45.5124686Z,18.4528195219616,265.453125
2026-09-12T06:47:47.5391586Z,16.0849410436167,267.5
2026-09-12T06:47:49.5722506Z,19.9298550561441,269.5625
2026-09-12T06:47:51.6073091Z,23.4503883131239,271.625
2026-09-12T06:47:53.6461082Z,21.3824812627477,273.6875
2026-09-12T06:47:55.6776476Z,21.1374957897142,275.828125
2026-09-12T06:47:57.7175244Z,22.8302491217733,277.953125
2026-09-12T06:47:59.7468205Z,36.7992040330426,280.125
2026-09-12T06:48:01.7925979Z,17.4782339191808,282.203125
2026-09-12T06:48:03.8264550Z,16.9780182480377,284.265625
2026-09-12T06:48:05.8540600Z,18.9883544163118,286.328125
2026-09-12T06:48:07.8900548Z,20.3044279974953,288.359375
2026-09-12T06:48:09.9250796Z,23.0458087109016,290.484375
2026-09-12T06:48:11.9675792Z,23.7870960068593,292.5625
2026-09-12T06:48:14.0030775Z,23.0239127584364,294.609375
2026-09-12T06:48:16.0354902Z,34.5204934597979,296.734375
2026-09-12T06:48:18.0683347Z,18.2752159277094,298.828125
2026-09-12T06:48:20.1128282Z,19.8041027558459,300.890625
2026-09-12T06:48:22.1578025Z,17.2344598092844,302.96875
2026-09-12T06:48:24.1888701Z,58.5524672504004,305.078125
2026-09-12T06:48:26.2277874Z,19.5691337555057,307.140625
2026-09-12T06:48:28.2568617Z,22.2864157152037,309.1875
2026-09-12T06:48:30.3035125Z,31.3261007216048,311.390625
2026-09-12T06:48:32.3399035Z,19.8376123792215,313.5625
2026-09-12T06:48:34.3848324Z,17.800512888872,315.6875
2026-09-12T06:48:36.4218666Z,15.3322935299485,317.71875
2026-09-12T06:48:38.4569147Z,16.969631195426,319.78125
2026-09-12T06:48:40.5178212Z,45.5050470173735,322
2026-09-12T06:48:42.5556185Z,46.4574141671213,324.265625
2026-09-12T06:48:44.5900306Z,32.7812923493472,326.46875
2026-09-12T06:48:46.6289158Z,24.8242571186182,328.59375
2026-09-12T06:48:48.6616119Z,28.4199410454051,330.640625
2026-09-12T06:48:50.7056631Z,27.9144723083349,332.796875
2026-09-12T06:48:52.7429598Z,23.2124771766241,334.859375
2026-09-12T06:48:54.7743415Z,21.0368632289019,336.90625
2026-09-12T06:48:56.8053669Z,19.9827276684791,339
2026-09-12T06:48:58.8405226Z,19.5018803453635,341.0625
2026-09-12T06:49:00.8732099Z,23.9345874112649,343.15625
2026-09-12T06:49:02.9034456Z,22.2617936888578,345.25
2026-09-12T06:49:04.9395430Z,22.5237868187374,347.3125
2026-09-12T06:49:06.9767403Z,31.62659900775,349.421875
2026-09-12T06:49:09.0153816Z,24.2917355913677,351.546875
2026-09-12T06:49:11.0521089Z,19.045756742309,353.609375
2026-09-12T06:49:13.0825790Z,20.6386081528533,355.65625
2026-09-12T06:49:15.1153646Z,18.0676935216279,357.6875
2026-09-12T06:49:17.1513553Z,20.1415039471017,359.765625
2026-09-12T06:49:19.1794386Z,24.1153816394487,361.828125
2026-09-12T06:49:21.2185404Z,22.7209096663974,363.90625
2026-09-12T06:49:23.2494783Z,22.5431019513091,365.96875
2026-09-12T06:49:25.2902058Z,23.5876577870751,368.03125
2026-09-12T06:49:27.3412794Z,23.7209244430184,370.234375
2026-09-12T06:49:29.3804854Z,19.8715634827325,372.375
2026-09-12T06:49:31.4186409Z,19.322901358572,374.46875
2026-09-12T06:49:33.4515037Z,20.8039304027709,376.515625
2026-09-12T06:49:35.4870890Z,16.9319540254499,378.53125
2026-09-12T06:49:37.5191315Z,15.7526247901149,380.578125
2026-09-12T06:49:39.5609345Z,22.4866854363516,382.640625
2026-09-12T06:49:41.6042910Z,21.0629980247382,384.65625
2026-09-12T06:49:43.6358748Z,24.9065692796311,386.78125
2026-09-12T06:49:45.6963833Z,37.4555758784865,388.890625
2026-09-12T06:49:47.7299811Z,42.0269393825134,391.1875
2026-09-12T06:49:49.8125571Z,39.8938818161078,1.453125
2026-09-12T06:49:51.8550276Z,24.1773151500203,3.609375
2026-09-12T06:49:53.8976884Z,34.0698302210208,9.078125
2026-09-12T06:49:55.9334001Z,19.4641056900455,19.953125
2026-09-12T06:49:57.9724220Z,27.5232731649386,23.4375
2026-09-12T06:50:00.0166629Z,32.6136133105891,35.484375
2026-09-12T06:50:02.0642919Z,23.6944539532957,38.484375
2026-09-12T06:50:04.0994835Z,48.9504092945349,50.984375
2026-09-12T06:50:06.1367227Z,21.7210539896432,53.171875
2026-09-12T06:50:08.1836441Z,47.0526689983736,62.859375
2026-09-12T06:50:10.2358210Z,36.1919407606706,68.8125
2026-09-12T06:50:12.2927711Z,32.5630989446684,74.609375
2026-09-12T06:50:14.3379007Z,20.8066702325615,84.953125
2026-09-12T06:50:16.3742628Z,31.8537860557719,90.53125
2026-09-12T06:50:18.4077709Z,18.5631419637492,100.578125
2026-09-12T06:50:20.4395520Z,27.2139671740828,104.390625
2026-09-12T06:50:22.4873089Z,36.7831931732929,116.15625
2026-09-12T06:50:24.5286720Z,58.4928397345916,118.3125
2026-09-12T06:50:26.5789454Z,46.0154804221105,128.953125
2026-09-12T06:50:28.6152672Z,22.2659108321714,134.15625
2026-09-12T06:50:30.6586427Z,51.7073153777942,139.640625
2026-09-12T06:50:32.6893238Z,23.0738236094594,149.375
2026-09-12T06:50:34.7210514Z,17.8324173303501,151.4375
2026-09-12T06:50:36.7542212Z,22.3390424761653,153.5
2026-09-12T06:50:38.8000256Z,17.9362745631541,155.5625
2026-09-12T06:50:40.8293288Z,19.7134620658953,157.640625
2026-09-12T06:50:42.8749327Z,20.2506371029491,159.765625
2026-09-12T06:50:44.9108508Z,25.0881641548526,161.875
2026-09-12T06:50:46.9428903Z,23.0853861463281,163.96875
2026-09-12T06:50:48.9804214Z,28.6324449352086,166.046875
2026-09-12T06:50:51.0177030Z,48.1419129585926,169.390625
2026-09-12T06:50:53.0607422Z,52.9200451188845,176.1875
2026-09-12T06:50:55.0938585Z,59.4237874455721,186.140625
2026-09-12T06:50:57.1270366Z,49.3295545936521,195.28125
2026-09-12T06:50:59.1740210Z,25.2812486442036,198.765625
2026-09-12T06:51:01.2151470Z,30.044793840683,200.984375
2026-09-12T06:51:03.2432175Z,22.3680848609345,203.046875
2026-09-12T06:51:05.2768551Z,22.7221702359308,205.109375
2026-09-12T06:51:07.3109345Z,20.0754003880695,207.171875
2026-09-12T06:51:09.3543340Z,24.0627767478832,209.28125
2026-09-12T06:51:11.3904691Z,38.7717775942851,212.640625
2026-09-12T06:51:13.4309734Z,29.4946390878874,219.59375
2026-09-12T06:51:15.4658672Z,45.7158407472801,228.75
2026-09-12T06:51:17.5088306Z,52.4252860026435,238.828125
2026-09-12T06:51:19.5430756Z,25.913793688789,240.859375
2026-09-12T06:51:21.5813299Z,25.3436952381554,243
2026-09-12T06:51:23.6336155Z,23.6953520578736,245.140625
2026-09-12T06:51:25.6771907Z,20.9287804204826,247.34375
2026-09-12T06:51:27.7085236Z,23.4277128601265,249.4375
2026-09-12T06:51:29.7498464Z,36.0293827632787,252.765625
2026-09-12T06:51:31.7938062Z,25.4294049013964,256.140625
2026-09-12T06:51:33.8425891Z,30.6305912880749,261.265625
2026-09-12T06:51:35.8805051Z,20.4731284627476,270.578125
2026-09-12T06:51:37.9136172Z,31.4127380871284,281.3125
2026-09-12T06:51:39.9447470Z,26.6601811816563,283.484375
2026-09-12T06:51:41.9718897Z,22.6509781551443,285.515625
2026-09-12T06:51:44.0089045Z,21.4684596268301,287.546875
2026-09-12T06:51:46.0470769Z,23.6395341198819,289.671875
2026-09-12T06:51:48.0831776Z,17.4108610095003,291.703125
2026-09-12T06:51:50.1253167Z,26.6357891930683,294.78125
2026-09-12T06:51:52.1589925Z,42.3569987958807,301.28125
2026-09-12T06:51:54.1918535Z,49.3302967264966,310.234375
2026-09-12T06:51:56.2568240Z,41.397859439965,318.171875
2026-09-12T06:51:58.2923431Z,56.9562980940321,323.765625
2026-09-12T06:52:00.3572866Z,38.1389018997423,326.046875
2026-09-12T06:52:02.4003027Z,42.3993137616431,328.421875
2026-09-12T06:52:04.4397038Z,22.2221683786771,330.453125
2026-09-12T06:52:06.4830792Z,24.3264930149514,332.515625
2026-09-12T06:52:08.5108080Z,18.1644258227467,334.53125
2026-09-12T06:52:10.5391850Z,23.4446112717478,337.5
2026-09-12T06:52:12.5815272Z,33.0174682549147,344.015625
2026-09-12T06:52:14.6266316Z,52.4521353301373,353.4375
2026-09-12T06:52:16.6929442Z,41.5435008753205,361.453125
2026-09-12T06:52:18.7348544Z,17.1289107595039,366.828125
2026-09-12T06:52:20.7723229Z,21.0303544173653,368.90625
2026-09-12T06:52:22.8211910Z,16.1582183098557,370.953125
2026-09-12T06:52:24.8547609Z,57.1186880184946,373.140625
2026-09-12T06:52:26.8939684Z,16.6648453677599,375.203125
2026-09-12T06:52:28.9357039Z,21.0386398941762,377.9375
2026-09-12T06:52:30.9721701Z,24.0226196509455,381.65625
2026-09-12T06:52:33.0087292Z,15.6573092187934,386.984375
2026-09-12T06:52:35.0519855Z,19.3421146472201,395.9375
2026-09-12T06:52:37.1002518Z,18.3617811804828,406.328125
2026-09-12T06:52:39.1362066Z,26.5070901515838,408.40625
2026-09-12T06:52:41.1790402Z,18.6870675166932,410.515625
2026-09-12T06:52:43.2145530Z,25.4705076253339,412.5625
2026-09-12T06:52:45.2483633Z,15.0057698234007,414.59375
2026-09-12T06:52:47.2856930Z,27.2537212364213,417.15625
2026-09-12T06:52:49.3123557Z,25.5545342612825,421.015625
2026-09-12T06:52:51.3448717Z,26.7137166566667,426.3125
2026-09-12T06:52:53.3804834Z,16.2872094065224,435.296875
2026-09-12T06:52:55.4266347Z,28.3520385860351,445.78125
2026-09-12T06:52:57.4746958Z,15.9425182974023,447.90625
2026-09-12T06:52:59.5133246Z,26.1727859788565,450.015625
2026-09-12T06:53:01.5368027Z,20.9633847503932,452.09375
2026-09-12T06:53:03.5638806Z,53.6177249012869,454.328125
2026-09-12T06:53:05.6063118Z,31.8502181407184,456.578125
2026-09-12T06:53:07.6508734Z,24.4827462613437,459.859375
2026-09-12T06:53:09.6831376Z,50.1113517880277,466.15625
2026-09-12T06:53:11.7152391Z,35.1017815772297,470.6875
2026-09-12T06:53:13.7582517Z,23.7757290777375,478.625
2026-09-12T06:53:15.7984089Z,18.7277395858283,488.28125
2026-09-12T06:53:17.8331177Z,20.0274265258667,490.421875
2026-09-12T06:53:19.8609930Z,28.5193524369398,492.484375
2026-09-12T06:53:21.8954944Z,20.7204681194769,494.5625
2026-09-12T06:53:23.9343673Z,23.8842259868914,496.609375
2026-09-12T06:53:25.9726790Z,17.1911427666283,498.8125
2026-09-12T06:53:28.0010921Z,18.164692761256,502.078125
2026-09-12T06:53:30.0421543Z,25.0029694159114,508.328125
2026-09-12T06:53:32.0770581Z,49.0879724987012,517.25
2026-09-12T06:53:34.1241074Z,68.7723033270352,527.453125
2026-09-12T06:53:36.1513584Z,30.2459010348052,529.640625
2026-09-12T06:53:38.1887794Z,40.5234853377731,531.84375
2026-09-12T06:53:40.2516279Z,43.8114395107431,534
2026-09-12T06:53:42.2898317Z,42.6641328182516,536.234375
2026-09-12T06:53:44.3240001Z,50.7615206521419,538.46875
2026-09-12T06:53:46.3824523Z,59.8612479399228,540.828125
2026-09-12T06:53:48.4141731Z,45.7722808106234,543.125
2026-09-12T06:53:50.4527554Z,35.8102801482572,545.359375
2026-09-12T06:53:52.4894933Z,35.5183338996533,547.46875
2026-09-12T06:53:54.5303159Z,38.6787070945483,549.5625
2026-09-12T06:53:56.5633075Z,30.7033120039833,551.6875
2026-09-12T06:53:58.5875349Z,39.5163360929787,553.875
2026-09-12T06:54:00.6258684Z,31.7640247612193,555.953125
2026-09-12T06:54:02.6693467Z,29.0805789718216,558.21875
2026-09-12T06:54:04.7294627Z,47.6949509783573,560.59375
2026-09-12T06:54:06.7819162Z,39.8523172662813,562.875
2026-09-12T06:54:08.8750622Z,78.6985099514782,565.203125
2026-09-12T06:54:10.9411770Z,56.0276039755539,567.71875
2026-09-12T06:54:13.0175076Z,48.9380710335795,569.9375
2026-09-12T06:54:15.0815827Z,52.0284103869531,572.140625
2026-09-12T06:54:17.1471714Z,56.1014777569951,574.453125
2026-09-12T06:54:19.1969948Z,61.7957499782294,576.859375
2026-09-12T06:54:21.2541615Z,51.2875718494397,579.25
2026-09-12T06:54:23.3076592Z,44.5329052202542,581.515625
2026-09-12T06:54:25.4281690Z,69.1464538618687,583.78125
2026-09-12T06:54:27.4747931Z,41.1585649517051,585.9375
2026-09-12T06:54:29.5293282Z,39.226543783838,588.21875
2026-09-12T06:54:31.5722893Z,38.6789004885966,590.40625
2026-09-12T06:54:33.6126786Z,50.8881321579846,592.625
2026-09-12T06:54:35.6529421Z,44.7472056538444,594.90625
2026-09-12T06:54:37.6962714Z,42.8366129805315,597.125
2026-09-12T06:54:39.7741553Z,49.9762487505442,599.515625
2026-09-12T06:54:41.8298324Z,50.2925037616148,601.796875
2026-09-12T06:54:43.8712689Z,54.9169815803596,606.0625
2026-09-12T06:54:45.9312555Z,43.3205167097777,608.21875
2026-09-12T06:54:47.9729818Z,50.0857738479824,610.59375
2026-09-12T06:54:50.0443557Z,67.8307008186624,613.03125
2026-09-12T06:54:52.1236248Z,50.468007289223,615.453125
2026-09-12T06:54:54.1756391Z,59.5429947781982,625.03125
2026-09-12T06:54:56.2116449Z,53.0241249966941,631.25
2026-09-12T06:54:58.2457444Z,39.274301143298,633.46875
2026-09-12T06:55:00.2908080Z,50.8389510335927,635.71875
2026-09-12T06:55:02.3466744Z,64.3302901495033,641.546875
2026-09-12T06:55:04.3868741Z,67.2098914075986,657.265625
2026-09-12T06:55:06.4257243Z,42.5817725855061,659.5
2026-09-12T06:55:08.4705126Z,47.930732001703,661.6875
2026-09-12T06:55:10.5129990Z,46.8539686891629,664.0625
2026-09-12T06:55:12.5622428Z,78.5348594754507,685.390625
2026-09-12T06:55:14.6103407Z,54.6650427823104,687.578125
2026-09-12T06:55:16.7119643Z,82.4117652046663,689.84375
2026-09-12T06:55:18.7614066Z,65.5989724106997,692.15625
2026-09-12T06:55:20.8125101Z,60.1091717798801,694.453125
2026-09-12T06:55:22.8652234Z,45.687773361241,696.84375
2026-09-12T06:55:24.9551322Z,78.2664342149862,699
2026-09-12T06:55:27.0269921Z,55.5222215234668,701.359375
2026-09-12T06:55:29.0963217Z,65.5471648896988,703.703125
2026-09-12T06:55:31.1572020Z,55.7563080976165,705.90625
2026-09-12T06:55:33.2006449Z,53.6224680140029,708.296875
2026-09-12T06:55:35.2738206Z,68.498778655062,710.671875
2026-09-12T06:55:37.3257820Z,59.4956657455055,713.046875
2026-09-12T06:55:39.3831245Z,60.2333000456568,715.375
2026-09-12T06:55:41.4268853Z,63.5153318502224,717.71875
2026-09-12T06:55:43.4679653Z,62.0863110668283,720.171875
2026-09-12T06:55:45.5393687Z,53.2835762125238,722.4375
2026-09-12T06:55:47.5933812Z,60.2399678244299,724.875
2026-09-12T06:55:49.6645153Z,62.017313599223,727.28125
2026-09-12T06:55:51.7170183Z,66.9056246279365,729.671875
2026-09-12T06:55:53.7933508Z,62.2087737147503,732.0625
2026-09-12T06:55:55.8475154Z,64.4482524065271,734.4375
2026-09-12T06:55:57.9100412Z,63.061333459241,736.875
2026-09-12T06:55:59.9776743Z,68.5673874837202,739.21875
2026-09-12T06:56:02.0582270Z,72.1018344048213,741.671875
2026-09-12T06:56:04.1215284Z,58.8540393470903,744.046875
2026-09-12T06:56:06.1892138Z,60.7955234260215,746.4375
2026-09-12T06:56:08.2666115Z,57.627698739579,751.109375
2026-09-12T06:56:10.3217892Z,58.6258278864565,753.578125
2026-09-12T06:56:12.3736580Z,55.5063249086147,755.9375
2026-09-12T06:56:14.4398977Z,63.2232295177795,758.25
2026-09-12T06:56:16.4964230Z,57.6279592201696,760.53125
2026-09-12T06:56:18.6199968Z,80.4519600147038,766.984375
2026-09-12T06:56:20.7277646Z,84.575021861513,776.5
2026-09-12T06:56:22.8269240Z,89.7395939323294,782.515625
2026-09-12T06:56:24.9520915Z,81.8981454728815,784.859375
2026-09-12T06:56:27.0331227Z,68.2506658337387,787.3125
2026-09-12T06:56:29.1049324Z,74.955325965686,789.703125
2026-09-12T06:56:31.1713123Z,53.4251793764012,792.078125
2026-09-12T06:56:33.2595425Z,82.3269451833863,808.1875
2026-09-12T06:56:35.3106684Z,55.1409685312814,815.765625
2026-09-12T06:56:37.3758226Z,57.4512514314409,818.25
2026-09-12T06:56:39.4180716Z,53.1940107505494,820.5625
2026-09-12T06:56:41.4935347Z,58.2773074018809,822.890625
2026-09-12T06:56:43.5682524Z,52.0622925574394,825.203125
2026-09-12T06:56:45.6359896Z,72.918879993709,845.890625
2026-09-12T06:56:47.6788696Z,52.5624026564872,848.125
2026-09-12T06:56:49.7756968Z,64.800402539551,850.40625
2026-09-12T06:56:51.8507166Z,52.3004684901747,852.640625
2026-09-12T06:56:53.9210155Z,48.2840497293321,854.96875
2026-09-12T06:56:55.9885432Z,39.5975556288544,857.21875
2026-09-12T06:56:58.0382930Z,43.3451103640827,859.484375
2026-09-12T06:57:00.0863620Z,48.0940879206144,861.765625
2026-09-12T06:57:02.1243959Z,43.5940494243344,864.03125
2026-09-12T06:57:04.1836500Z,46.9997857205822,866.296875
2026-09-12T06:57:06.2375458Z,41.1266888188906,868.546875
2026-09-12T06:57:08.2744421Z,52.138001782838,870.96875
2026-09-12T06:57:10.3147204Z,48.180479360554,873.109375
2026-09-12T06:57:12.3613841Z,39.4560976797045,875.28125
2026-09-12T06:57:14.4248288Z,45.1391487483688,877.59375
2026-09-12T06:57:16.4721914Z,51.7505271306599,879.953125
2026-09-12T06:57:18.5240037Z,51.7835713657523,882.21875
2026-09-12T06:57:20.5793698Z,53.1265925144437,884.59375
2026-09-12T06:57:22.6449858Z,59.2219620812279,886.90625
2026-09-12T06:57:24.8736961Z,53.1726657647308,889.296875
2026-09-12T06:57:26.9278950Z,43.8107473980866,891.484375
2026-09-12T06:57:28.9735036Z,39.7479931076154,893.84375
2026-09-12T06:57:31.0519216Z,81.6884435222885,896.15625
2026-09-12T06:57:33.0991190Z,56.2361768243795,898.453125
2026-09-12T06:57:35.1802172Z,67.4370684020828,901.359375
2026-09-12T06:57:37.2388854Z,51.80396497877,905.375
2026-09-12T06:57:39.2906217Z,52.7803700491616,907.703125
2026-09-12T06:57:41.3534087Z,46.6643611087341,909.96875
2026-09-12T06:57:43.4139044Z,51.5623837497329,912.359375
2026-09-12T06:57:45.4552101Z,54.7730193680152,918.25
2026-09-12T06:57:47.4962211Z,44.5600838729571,926.125
2026-09-12T06:57:49.5407071Z,35.3075878214177,928.296875
2026-09-12T06:57:51.5730875Z,34.863081769832,930.453125
2026-09-12T06:57:53.6189062Z,66.168847248407,946.34375
2026-09-12T06:57:55.6461176Z,30.3623560438072,948.453125
2026-09-12T06:57:57.6846985Z,27.2237739008275,950.578125
2026-09-12T06:57:59.7349287Z,90.2853131907187,969.046875
2026-09-12T06:58:01.7757082Z,38.4453202261113,971.234375
2026-09-12T06:58:03.8141200Z,34.8250787075978,973.359375
2026-09-12T06:58:05.8524768Z,28.9592857047288,975.546875
2026-09-12T06:58:07.8858592Z,34.8154519908975,977.65625
2026-09-12T06:58:09.9121063Z,44.2824738194665,979.78125
2026-09-12T06:58:11.9386706Z,34.6209689904641,981.921875
2026-09-12T06:58:13.9706712Z,35.7697079761139,984.125
2026-09-12T06:58:16.0016007Z,34.2281649627558,986.3125
2026-09-12T06:58:18.0295898Z,32.4838184472097,988.421875
2026-09-12T06:58:20.0695248Z,41.1967054215792,990.546875
2026-09-12T06:58:22.1001496Z,34.7081401587585,992.6875
2026-09-12T06:58:24.1335719Z,35.8322106041277,994.765625
2026-09-12T06:58:26.1743983Z,35.8515275106989,996.9375
2026-09-12T06:58:28.2164495Z,37.4614953005339,999.15625
2026-09-12T06:58:30.2519999Z,34.7599406460596,1001.3125
2026-09-12T06:58:32.2978703Z,43.8833992192202,1003.421875
2026-09-12T06:58:34.3262039Z,28.7189280107781,1005.515625
2026-09-12T06:58:36.3604256Z,40.2772254903767,1009.328125
2026-09-12T06:58:38.3935729Z,69.9272509665474,1011.578125
2026-09-12T06:58:40.4607877Z,57.955698284386,1013.90625
2026-09-12T06:58:42.4943485Z,52.4957208037871,1022.171875
2026-09-12T06:58:44.5416021Z,40.9967373559568,1027.6875
2026-09-12T06:58:46.5799376Z,38.0172777152586,1029.859375
2026-09-12T06:58:48.6151744Z,33.0358029433721,1031.9375
2026-09-12T06:58:50.6594554Z,67.8023994828931,1048.6875
2026-09-12T06:58:52.7018181Z,28.1401552798843,1050.828125
2026-09-12T06:58:54.7409359Z,32.9352142023571,1052.90625
2026-09-12T06:58:56.7789938Z,87.3949206626115,1071.90625
2026-09-12T06:58:58.8176090Z,34.1899829049689,1074
2026-09-12T06:59:00.8627603Z,37.1397314986743,1076.15625
2026-09-12T06:59:02.9042546Z,32.8238395431393,1078.359375
2026-09-12T06:59:04.9312962Z,33.1490031195496,1080.4375
2026-09-12T06:59:06.9716384Z,33.749574796511,1082.609375
2026-09-12T06:59:09.0081660Z,29.6028441979779,1084.703125
2026-09-12T06:59:11.0705376Z,41.2642660437839,1086.9375
2026-09-12T06:59:13.1067491Z,38.8056830779108,1089.15625
2026-09-12T06:59:15.1381290Z,38.4662373555061,1091.359375
2026-09-12T06:59:17.1723392Z,41.9703812217236,1093.578125
2026-09-12T06:59:19.2025686Z,44.1307544950408,1095.90625
2026-09-12T06:59:21.2517803Z,37.3397504076264,1098.109375
2026-09-12T06:59:23.2906246Z,32.8451967629005,1100.234375
2026-09-12T06:59:25.3489169Z,75.8039387557697,1102.359375
2026-09-12T06:59:27.3921990Z,35.8278220026,1104.59375
2026-09-12T06:59:29.4198126Z,33.9860426839261,1106.828125
2026-09-12T06:59:31.4592124Z,33.7794066264286,1108.984375
2026-09-12T06:59:33.5023651Z,41.7107932634486,1112.40625
2026-09-12T06:59:35.5404646Z,27.6004112829658,1115.15625
2026-09-12T06:59:37.5649356Z,32.1563429082909,1117.3125
2026-09-12T06:59:39.6077915Z,48.1257676814929,1122.671875
2026-09-12T06:59:41.6484328Z,50.8518233712191,1131.1875
2026-09-12T06:59:43.7232888Z,64.8565666152569,1133.71875
2026-09-12T06:59:45.7470344Z,48.311886252577,1136.109375
2026-09-12T06:59:47.8091394Z,73.7034392796594,1147.75
2026-09-12T06:59:49.8525039Z,39.3684370846751,1156.0625
2026-09-12T06:59:51.9109325Z,44.4559499343863,1158.4375
2026-09-12T06:59:53.9861046Z,38.3966687275148,1160.65625
2026-09-12T06:59:56.0366607Z,75.7312180853896,1180.90625
2026-09-12T06:59:58.0761402Z,36.8446247272554,1183.046875
2026-09-12T07:00:00.1095411Z,36.537401704956,1185.21875
2026-09-12T07:00:02.1515767Z,36.4638595765843,1187.328125
2026-09-12T07:00:04.1821627Z,38.9858630357861,1189.546875
2026-09-12T07:00:06.2280695Z,35.1782560019413,1191.796875
2026-09-12T07:00:08.2738396Z,40.6149385987406,1193.96875
2026-09-12T07:00:10.3324325Z,43.5816628894585,1196.234375
2026-09-12T07:00:12.3817405Z,36.9645158332405,1198.4375
2026-09-12T07:00:14.4239784Z,41.8452659031704,1200.5625
2026-09-12T07:00:16.4531743Z,36.1964916011732,1202.734375
2026-09-12T07:00:18.4851170Z,32.9502315252033,1204.875
2026-09-12T07:00:20.5228919Z,41.257085696547,1207.03125
2026-09-12T07:00:22.5635561Z,33.9861007029851,1209.328125
2026-09-12T07:00:24.6126114Z,36.1964733206745,1211.578125
2026-09-12T07:00:26.6527604Z,31.5488519624058,1213.71875
2026-09-12T07:00:28.6908144Z,29.5301814934478,1215.828125
2026-09-12T07:00:30.7250054Z,31.2351047846667,1217.984375
2026-09-12T07:00:32.7672931Z,33.3493280431071,1220.15625
2026-09-12T07:00:34.8008740Z,24.6774966878252,1224.203125
2026-09-12T07:00:36.8355952Z,37.7846471703291,1226.34375
2026-09-12T07:00:38.8712344Z,35.9204848429729,1229.1875
2026-09-12T07:00:40.9564500Z,61.8693582134333,1240.015625
2026-09-12T07:00:42.9826316Z,39.7015870211995,1242.28125
2026-09-12T07:00:45.0389007Z,41.8863428678012,1244.546875
2026-09-12T07:00:47.1006325Z,38.3342601494247,1247.078125
2026-09-12T07:00:49.1705054Z,90.8898640448409,1263.734375
2026-09-12T07:00:51.2103527Z,54.1382651541594,1266.015625
2026-09-12T07:00:53.2553817Z,49.4128102539594,1268.34375
2026-09-12T07:00:55.2936601Z,41.272299415405,1270.546875
2026-09-12T07:00:57.3512403Z,62.0542294688436,1290.921875
2026-09-12T07:00:59.4125278Z,37.935247048105,1293.1875
2026-09-12T07:01:01.4580053Z,41.1678680935725,1295.421875
2026-09-12T07:01:03.5003483Z,36.353419914274,1297.53125
2026-09-12T07:01:05.5483848Z,43.7424999573854,1299.75
2026-09-12T07:01:07.5919538Z,29.9519410931274,1301.828125
2026-09-12T07:01:09.6253931Z,40.7072425651456,1303.984375
2026-09-12T07:01:11.6623002Z,30.4631248168267,1306.25
2026-09-12T07:01:13.6941024Z,35.8485532004334,1308.4375
2026-09-12T07:01:15.7200881Z,37.7696023138567,1310.578125
2026-09-12T07:01:17.7488246Z,31.5476872469103,1312.609375
2026-09-12T07:01:19.8183677Z,58.9122254493198,1314.90625
2026-09-12T07:01:21.8538369Z,30.7972180385116,1317.0625
2026-09-12T07:01:23.8886584Z,38.6452336089971,1319.25
2026-09-12T07:01:25.9387997Z,75.5530375126844,1321.328125
2026-09-12T07:01:27.9798965Z,34.7920765110315,1323.421875
2026-09-12T07:01:30.0149761Z,36.2613416701403,1325.671875
2026-09-12T07:01:32.0588615Z,37.9097699738149,1327.859375
2026-09-12T07:01:34.0939500Z,36.8976270714662,1331.796875
2026-09-12T07:01:36.1363707Z,41.8792214792483,1333.953125
2026-09-12T07:01:38.1753139Z,30.3162218880154,1336.109375
2026-09-12T07:01:40.2168080Z,47.4972572567191,1341.15625
2026-09-12T07:01:42.2660208Z,43.0003379526787,1348.96875
2026-09-12T07:01:44.3023987Z,38.1095822005984,1351.0625
2026-09-12T07:01:46.3305134Z,34.55971482836,1353.203125
2026-09-12T07:01:48.3685615Z,71.4987525286715,1368.984375
2026-09-12T07:01:50.4057337Z,38.4996326815508,1371.109375
2026-09-12T07:01:52.4359385Z,33.5589205557948,1373.265625
2026-09-12T07:01:54.4725496Z,89.2295339169574,1389.6875
2026-09-12T07:01:56.5116559Z,58.7932114599282,1393.828125
2026-09-12T07:01:58.5549605Z,43.8336131819029,1396.046875
2026-09-12T07:02:00.5839939Z,42.1251074530799,1398.234375
2026-09-12T07:02:02.6334423Z,35.0327738288834,1400.453125
2026-09-12T07:02:04.6681447Z,39.0994619768735,1402.625
2026-09-12T07:02:06.7082974Z,29.9309824638044,1404.734375
2026-09-12T07:02:08.7426614Z,30.433367738848,1406.890625
2026-09-12T07:02:10.7825388Z,34.1598257731238,1408.984375
2026-09-12T07:02:12.8130176Z,36.9983114476633,1411.109375
2026-09-12T07:02:14.8366465Z,47.8849391759268,1413.40625
2026-09-12T07:02:16.8836904Z,40.6606139144162,1415.609375
2026-09-12T07:02:18.9168474Z,41.8107560796974,1417.828125
2026-09-12T07:02:20.9588620Z,36.6590109434478,1419.984375
2026-09-12T07:02:23.0033849Z,38.9646143844291,1422.25
2026-09-12T07:02:25.0491687Z,36.9515612113915,1424.421875
2026-09-12T07:02:27.1047450Z,37.7883814076778,1426.578125
2026-09-12T07:02:29.1527136Z,43.6230163918008,1428.78125
2026-09-12T07:02:31.1960767Z,38.4431239494361,1431.015625
2026-09-12T07:02:33.2402796Z,36.2170691459489,1433.171875
2026-09-12T07:02:35.2878899Z,33.791117244517,1437.328125
2026-09-12T07:02:37.3529011Z,38.452769590902,1439.5625
2026-09-12T07:02:39.4136977Z,33.9853328657679,1441.671875
2026-09-12T07:02:41.4842459Z,50.8478268133084,1449.71875
2026-09-12T07:02:43.5260588Z,33.546848129846,1455.8125
2026-09-12T07:02:45.5650475Z,33.9636765185277,1457.9375
2026-09-12T07:02:47.6047952Z,40.9272045717309,1461.109375
2026-09-12T07:02:49.6449123Z,50.8560602696742,1476.21875
2026-09-12T07:02:51.6817415Z,32.9413598733333,1478.453125
2026-09-12T07:02:53.7109195Z,32.0306846720565,1480.65625
2026-09-12T07:02:55.7612170Z,57.819287443019,1499.484375
2026-09-12T07:02:57.8027524Z,31.8671332504407,1501.671875
2026-09-12T07:02:59.8357323Z,32.5315578396302,1503.84375
2026-09-12T07:03:01.8812060Z,64.2985761315955,1506.09375
2026-09-12T07:03:03.9137217Z,56.3930784025634,1508.34375
2026-09-12T07:03:05.9551274Z,34.8851942684131,1510.46875
2026-09-12T07:03:08.0056459Z,38.2879383701657,1512.65625
2026-09-12T07:03:10.0536211Z,42.9434663419528,1514.953125
2026-09-12T07:03:12.0952423Z,33.5051243784472,1517.09375
2026-09-12T07:03:14.1418964Z,31.9591207000337,1519.234375
2026-09-12T07:03:16.1831252Z,40.3931744500548,1521.4375
2026-09-12T07:03:18.2118124Z,33.6745012946737,1523.59375
2026-09-12T07:03:20.2502069Z,38.6706578306097,1525.71875
2026-09-12T07:03:22.2814945Z,30.8206239781973,1527.875
2026-09-12T07:03:24.3123301Z,34.6522457500829,1530.046875
2026-09-12T07:03:26.4352701Z,50.7536464954916,1532.21875
2026-09-12T07:03:28.4708928Z,29.9601930070683,1534.296875
2026-09-12T07:03:30.5169648Z,42.9868628813175,1536.515625
2026-09-12T07:03:32.5434416Z,37.3058498417779,1540.484375
2026-09-12T07:03:34.5867888Z,32.3861564561974,1542.671875
2026-09-12T07:03:36.6338489Z,33.1034462998407,1544.8125
2026-09-12T07:03:38.6865092Z,44.4060013609287,1553.140625
2026-09-12T07:03:40.7366685Z,40.2212636327003,1558.84375
2026-09-12T07:03:42.7833025Z,37.8344642723233,1561.046875
2026-09-12T07:03:44.8265314Z,53.0985542428704,1566.265625
2026-09-12T07:03:46.8755136Z,60.2199140495551,1581.171875
2026-09-12T07:03:48.9135831Z,41.9916528370642,1583.484375
2026-09-12T07:03:50.9618595Z,37.461892501313,1585.734375
2026-09-12T07:03:53.0516057Z,73.8741715324653,1599.328125
