offset,clen,ulen,kind,entry
116257,501,910,raw-zlib,
117024,1091,2488,raw-zlib,
118359,1435,3207,raw-zlib,
120047,1365,3284,raw-zlib,
121683,1189,2791,raw-zlib,
123107,1513,3218,raw-zlib,
124846,1764,3804,raw-zlib,
126836,452,841,raw-zlib,
127541,1213,2807,raw-zlib,
129008,1684,3863,raw-zlib,
130945,1574,3720,raw-zlib,
132754,1999,4586,raw-zlib,
134988,1741,4188,raw-zlib,
136964,1654,4045,raw-zlib,
138862,1693,3894,raw-zlib,
140823,2036,4709,raw-zlib,
143112,1525,3545,raw-zlib,
144905,1424,3175,raw-zlib,
146574,736,1484,raw-zlib,
147553,1567,4113,raw-zlib,
149378,1701,4692,raw-zlib,
151337,822,1716,raw-zlib,
152425,1534,3542,raw-zlib,
154195,687,1304,raw-zlib,
155157,1797,4319,raw-zlib,
157216,1783,4296,raw-zlib,
159252,1613,3906,raw-zlib,
161131,1658,4794,raw-zlib,
163033,853,1991,raw-zlib,
164162,1754,4025,raw-zlib,
166183,2102,4939,raw-zlib,
168571,1803,4145,raw-zlib,
170651,1839,4489,raw-zlib,
172759,1730,4023,raw-zlib,
174752,1527,3421,raw-zlib,
176557,1405,3286,raw-zlib,
178248,1500,3481,raw-zlib,
180016,1709,3960,raw-zlib,
181974,1490,3459,raw-zlib,
183742,1781,4269,raw-zlib,
185782,1576,4524,raw-zlib,
187636,1878,4538,raw-zlib,
189791,1656,3849,raw-zlib,
191710,1534,3637,raw-zlib,
193506,1802,4040,raw-zlib,
195586,1793,4250,raw-zlib,
197648,2019,4425,raw-zlib,
199935,1869,4951,raw-zlib,
202073,2245,4891,raw-zlib,
204563,1909,4380,raw-zlib,
206725,1796,3993,raw-zlib,
208765,1681,3685,raw-zlib,
210671,1803,4093,raw-zlib,
212709,2000,4337,raw-zlib,
214953,1723,3680,raw-zlib,
216901,1722,3892,raw-zlib,
218839,383,628,raw-zlib,
219471,1542,3494,raw-zlib,
221258,1589,3825,raw-zlib,
223082,812,1641,raw-zlib,
224171,2085,4725,raw-zlib,
226525,2114,4649,raw-zlib,
228883,1030,2701,raw-zlib,
230182,1429,3646,raw-zlib,
231889,1781,4093,raw-zlib,
233948,1836,5216,raw-zlib,
236034,860,1935,raw-zlib,
237138,1670,3787,raw-zlib,
239043,1691,3783,raw-zlib,
240978,1820,4414,raw-zlib,
243048,1782,3994,raw-zlib,
245117,1989,4453,raw-zlib,
247374,1521,4083,raw-zlib,
249172,1279,3025,raw-zlib,
250704,1172,3169,raw-zlib,
252120,1385,3551,raw-zlib,
253759,1577,4272,raw-zlib,
255562,399,626,raw-zlib,
256220,1597,3396,raw-zlib,
258067,1117,2302,raw-zlib,
259434,1481,3248,raw-zlib,
261192,734,1462,raw-zlib,
262175,5352,24430,raw-zlib,
267777,5223,23794,raw-zlib,
273250,5057,22751,raw-zlib,
278557,699,2709,raw-zlib,
6666310,4084,13689,raw-zlib,
6670487,1458,7130,raw-zlib,
6672038,376,912,raw-zlib,
6672506,4112,13221,raw-zlib,
6676711,4625,14593,raw-zlib,
6681431,2433,7368,raw-zlib,
6683960,3956,12540,raw-zlib,
6688012,4081,13493,raw-zlib,
6692189,4618,14815,raw-zlib,
6696903,3688,13732,raw-zlib,
6700687,3748,11932,raw-zlib,
6704531,3739,11809,raw-zlib,
6708366,3570,11362,raw-zlib,
6712032,3999,12887,raw-zlib,
6716127,3844,12773,raw-zlib,
6720067,5081,17342,raw-zlib,
6725244,4122,16045,raw-zlib,
6729462,3646,11522,raw-zlib,
6733204,4911,16606,raw-zlib,
6738211,3915,12389,raw-zlib,
6742222,3909,12366,raw-zlib,
6746227,4230,14101,raw-zlib,
6750553,4246,18660,raw-zlib,
6754895,4134,19356,raw-zlib,
6759125,3383,21549,raw-zlib,
6762604,4592,15179,raw-zlib,
6767292,2855,8867,raw-zlib,
6770243,2811,8343,raw-zlib,
6773150,4459,14746,raw-zlib,
6777705,4142,15317,raw-zlib,
6781943,2555,9962,raw-zlib,
6784594,2432,7919,raw-zlib,
6787122,3714,11998,raw-zlib,
6790932,3040,9346,raw-zlib,
6794068,4823,15875,raw-zlib,
6798987,5624,18456,raw-zlib,
6804707,4182,14448,raw-zlib,
6808985,2570,8698,raw-zlib,
6811651,3220,10527,raw-zlib,
6814967,4687,17397,raw-zlib,
6819750,4451,17357,raw-zlib,
6824297,3797,13092,raw-zlib,
6828190,3520,11936,raw-zlib,
6831806,2903,9232,raw-zlib,
6834805,4731,15744,raw-zlib,
6839632,3645,12466,raw-zlib,
6843373,3025,10158,raw-zlib,
6846494,3400,11719,raw-zlib,
6849990,4033,13023,raw-zlib,
6854119,4780,15489,raw-zlib,
6858995,4560,17286,raw-zlib,
6863651,4113,17656,raw-zlib,
6867860,3621,11123,raw-zlib,
6871577,5229,18090,raw-zlib,
6876902,4011,13660,raw-zlib,
6881009,3363,10851,raw-zlib,
6884468,4095,13823,raw-zlib,
6888659,4684,15917,raw-zlib,
6893439,3758,12086,raw-zlib,
6897293,4065,13688,raw-zlib,
6901454,4566,15462,raw-zlib,
6906116,4419,14911,raw-zlib,
6910631,2865,8923,raw-zlib,
6913592,4189,14546,raw-zlib,
6917877,5087,18123,raw-zlib,
6923060,4387,14523,raw-zlib,
6927543,3421,11363,raw-zlib,
6931060,4092,13536,raw-zlib,
6935248,3495,11933,raw-zlib,
6938839,2567,8046,raw-zlib,
6980810,591,606,raw-zlib,
6981742,398,409,raw-zlib,
6982462,277,279,raw-zlib,
6983083,385,390,raw-zlib,
