offset,clen,ulen,kind,entry,mode,param,first_diff,corr_proxy_xz
156247,455,786,zip,locale/en-US/global/xpcom.properties,valid,-15/6/8/0,,
156797,1676,4885,zip,locale/en-US/global/charsetTitles.properties,valid,-15/6/8/0,,
158555,344,794,zip,locale/en-US/necko/contents.rdf,valid,-15/6/8/0,,
158985,864,1942,zip,locale/en-US/necko/necko.properties,valid,-15/6/8/0,,
159936,491,854,zip,locale/en-US/necko/redirect_loop.dtd,valid,-15/6/8/0,,
160523,986,2687,zip,locale/en-US/communicator/security.properties,valid,-15/6/8/0,,
161610,605,1066,zip,locale/en-US/communicator/security/caps.properties,valid,-15/6/8/0,,
162319,942,1878,zip,locale/en-US/communicator/layout/xmlparser.properties,valid,-15/6/8/0,,
163354,593,1201,zip,locale/en-US/global/printdialog.properties,valid,-15/6/8/0,,
164042,126,160,zip,locale/en-US/communicator/dom/dom.properties,valid,-15/6/8/0,,
164258,1830,5170,zip,locale/en-US/global/printing.properties,valid,-15/6/8/0,,
166170,1090,2618,zip,locale/en-US/forms/contents.rdf,valid,-15/6/8/0,,
167343,851,1930,zip,locale/en-US/forms/htmlforms.dtd,valid,-15/6/8/0,,
168297,505,883,zip,locale/en-US/communicator/layout/HtmlForm.properties,valid,-15/6/8/0,,
168910,717,1584,zip,locale/en-US/communicator/layout/ImageDocument.properties,valid,-15/6/8/0,,
169719,906,1947,zip,locale/en-US/global/appstrings.properties,valid,-15/6/8/0,,
170714,623,1502,zip,locale/en-US/global/nsHelperAppDlg.dtd,valid,-15/6/8/0,,
171433,48,49,zip,locale/en-US/global/nsHelperAppDlg.properties,valid,-15/6/8/0,,
171572,1803,5034,zip,locale/en-US/global/nsProgressDialog.dtd,valid,-15/6/8/0,,
173473,807,1751,zip,locale/en-US/global/nsProgressDialog.properties,valid,-15/6/8/0,,
174381,1084,2594,zip,locale/en-US/global/nsWebBrowserPersist.properties,valid,-15/6/8/0,,
175546,740,1566,zip,locale/en-US/editor/editor.dtd,valid,-15/6/8/0,,
176369,354,810,zip,locale/en-US/editor/contents.rdf,valid,-15/6/8/0,,
176816,147,255,zip,locale/en-US/editor/editorPrefsOverlay.dtd,valid,-15/6/8/0,,
177060,93,232,zip,locale/en-US/editor/editorNavigatorOverlay.dtd,valid,-15/6/8/0,,
177240,336,1003,zip,locale/en-US/editor/pref-editing.dtd,valid,-15/6/8/0,,
177664,803,2136,zip,locale/en-US/editor/pref-composer.dtd,valid,-15/6/8/0,,
178554,520,1352,zip,locale/en-US/editor/pref-publish.dtd,valid,-15/6/8/0,,
179167,559,1078,zip,locale/en-US/editor/sidebar-editor-rdf.dtd,valid,-15/6/8/0,,
179815,548,1032,zip,locale/en-US/editor/sidebar-editor.dtd,valid,-15/6/8/0,,
180451,6526,27693,zip,locale/en-US/editor/editorOverlay.dtd,valid,-15/6/8/0,,
187065,3129,8148,zip,locale/en-US/editor/editor.properties,valid,-15/6/8/0,,
190290,701,1441,zip,locale/en-US/editor/EditorHLineProperties.dtd,valid,-15/6/8/0,,
191087,1387,3851,zip,locale/en-US/editor/EditorImageProperties.dtd,valid,-15/6/8/0,,
192567,665,1391,zip,locale/en-US/editor/EditorInsertSource.dtd,valid,-15/6/8/0,,
193324,611,1306,zip,locale/en-US/editor/EditorInsertChars.dtd,valid,-15/6/8/0,,
194027,622,1266,zip,locale/en-US/editor/EditorInsertTable.dtd,valid,-15/6/8/0,,
194744,515,954,zip,locale/en-US/editor/EditorLinkProperties.dtd,valid,-15/6/8/0,,
195347,675,1268,zip,locale/en-US/editor/EdLinkChecker.dtd,valid,-15/6/8/0,,
196117,715,1500,zip,locale/en-US/editor/EditorListProperties.dtd,valid,-15/6/8/0,,
196927,693,1400,zip,locale/en-US/editor/EditorPageProperties.dtd,valid,-15/6/8/0,,
197716,755,1718,zip,locale/en-US/editor/EditorColorProperties.dtd,valid,-15/6/8/0,,
198559,663,1369,zip,locale/en-US/editor/EdColorPicker.dtd,valid,-15/6/8/0,,
199321,591,1181,zip,locale/en-US/editor/EditorPersonalDictionary.dtd,valid,-15/6/8/0,,
200000,740,1650,zip,locale/en-US/editor/EditorReplace.dtd,valid,-15/6/8/0,,
200831,721,1653,zip,locale/en-US/editor/EditorSpellCheck.dtd,valid,-15/6/8/0,,
201648,1306,4179,zip,locale/en-US/editor/EditorTableProperties.dtd,valid,-15/6/8/0,,
203049,905,2119,zip,locale/en-US/editor/EditorFormProperties.dtd,valid,-15/6/8/0,,
204050,1141,2939,zip,locale/en-US/editor/EditorInputProperties.dtd,valid,-15/6/8/0,,
205290,1067,2870,zip,locale/en-US/editor/EditorTextAreaProperties.dtd,valid,-15/6/8/0,,
206454,1047,2750,zip,locale/en-US/editor/EditorSelectProperties.dtd,valid,-15/6/8/0,,
207598,945,2249,zip,locale/en-US/editor/EditorButtonProperties.dtd,valid,-15/6/8/0,,
208639,892,2048,zip,locale/en-US/editor/EditorLabelProperties.dtd,valid,-15/6/8/0,,
209630,918,2166,zip,locale/en-US/editor/EditorFieldSetProperties.dtd,valid,-15/6/8/0,,
210646,570,1053,zip,locale/en-US/editor/EdNamedAnchorProperties.dtd,valid,-15/6/8/0,,
211306,732,1434,zip,locale/en-US/editor/EdDialogOverlay.dtd,valid,-15/6/8/0,,
212127,702,1629,zip,locale/en-US/editor/EdAdvancedEdit.dtd,valid,-15/6/8/0,,
212918,1027,2881,zip,locale/en-US/editor/EditorImageMap.dtd,valid,-15/6/8/0,,
214041,726,1531,zip,locale/en-US/editor/EditorImageMapHotSpot.dtd,valid,-15/6/8/0,,
214854,656,1273,zip,locale/en-US/editor/EditConflict.dtd,valid,-15/6/8/0,,
215604,686,1392,zip,locale/en-US/editor/EditorSaveAsCharset.dtd,valid,-15/6/8/0,,
216381,702,1461,zip,locale/en-US/editor/EdConvertToTable.dtd,valid,-15/6/8/0,,
217171,1021,2583,zip,locale/en-US/editor/EditorPublish.dtd,valid,-15/6/8/0,,
218288,678,1439,zip,locale/en-US/editor/EditorPublishProgress.dtd,valid,-15/6/8/0,,
219071,340,691,zip,locale/en-US/communicator/profile/confirmMigration.dtd,valid,-15/6/8/0,,
219519,231,455,zip,locale/en-US/communicator/profile/createProfileWizard.dtd,valid,-15/6/8/0,,
219865,105,142,zip,locale/en-US/communicator/profile/createProfileWizard.properties,valid,-15/6/8/0,,
220075,477,947,zip,locale/en-US/communicator/profile/migration.properties,valid,-15/6/8/0,,
220654,410,884,zip,locale/en-US/communicator/profile/newProfile1_1.dtd,valid,-15/6/8/0,,
221166,331,745,zip,locale/en-US/communicator/profile/newProfile1_2.dtd,valid,-15/6/8/0,,
221606,56,69,zip,locale/en-US/communicator/profile/newProfile1_2.properties,valid,-15/6/8/0,,
221772,903,3148,zip,locale/en-US/communicator/profile/profileManager.properties,valid,-15/6/8/0,,
222784,298,581,zip,locale/en-US/communicator/profile/profileManagerDelete.dtd,valid,-15/6/8/0,,
223195,87,136,zip,locale/en-US/communicator/profile/profileManagerMigrateAll.dtd,valid,-15/6/8/0,,
223387,1162,2920,zip,locale/en-US/communicator/profile/profileSelection.dtd,valid,-15/6/8/0,,
224648,136,283,zip,locale/en-US/communicator/profile/selectLang.dtd,valid,-15/6/8/0,,
224881,209,402,zip,locale/en-US/communicator/profile/no_space.dtd,valid,-15/6/8/0,,
225203,220,344,zip,locale/en-US/communicator/profile/profileMigrationProgress.dtd,valid,-15/6/8/0,,
225507,344,799,zip,locale/en-US/mozldap/contents.rdf,valid,-15/6/8/0,,
225944,2310,5793,zip,locale/en-US/mozldap/ldapErrors.properties,valid,-15/6/8/0,,
228356,817,2035,zip,locale/en-US/communicator/bookmarks/addBookmark.dtd,valid,-15/6/8/0,,
229272,1363,4506,zip,locale/en-US/communicator/bookmarks/bm-props.dtd,valid,-15/6/8/0,,
230735,1186,4088,zip,locale/en-US/communicator/bookmarks/bookmarks.dtd,valid,-15/6/8/0,,
232027,1138,2766,zip,locale/en-US/communicator/bookmarks/bookmark.properties,valid,-15/6/8/0,,
233272,255,1046,zip,locale/en-US/communicator/bookmarks/bookmarksOverlay.dtd,valid,-15/6/8/0,,
233630,220,712,zip,locale/en-US/communicator/bookmarks/findBookmark.dtd,valid,-15/6/8/0,,
233955,391,970,zip,locale/en-US/communicator/bookmarks/pref-bookmarks.dtd,valid,-15/6/8/0,,
234458,387,1266,zip,locale/en-US/communicator/downloadmanager/downloadmanager.ent,valid,-15/6/8/0,,
234964,161,314,zip,locale/en-US/communicator/downloadmanager/downloadmanager.properties,valid,-15/6/8/0,,
235225,94,162,zip,locale/en-US/communicator/directory/directory.dtd,valid,-15/6/8/0,,
235415,415,1485,zip,locale/en-US/communicator/history/history.dtd,valid,-15/6/8/0,,
235937,206,808,zip,locale/en-US/communicator/history/historyTreeOverlay.dtd,valid,-15/6/8/0,,
236246,226,444,zip,locale/en-US/communicator/history/history.properties,valid,-15/6/8/0,,
236572,180,549,zip,locale/en-US/communicator/history/findHistory.dtd,valid,-15/6/8/0,,
236851,437,1043,zip,locale/en-US/communicator/pref/pref-advanced.dtd,valid,-15/6/8/0,,
237389,597,1932,zip,locale/en-US/communicator/pref/pref-appearance.dtd,valid,-15/6/8/0,,
238089,594,1596,zip,locale/en-US/communicator/pref/pref-applications.dtd,valid,-15/6/8/0,,
238793,297,532,zip,locale/en-US/communicator/pref/pref-applications.properties,valid,-15/6/8/0,,
239198,363,1477,zip,locale/en-US/communicator/pref/pref-applications-edit.dtd,valid,-15/6/8/0,,
239657,657,1917,zip,locale/en-US/communicator/pref/pref-cache.dtd,valid,-15/6/8/0,,
240412,787,1992,zip,locale/en-US/communicator/pref/pref-charset.dtd,valid,-15/6/8/0,,
241296,580,1884,zip,locale/en-US/communicator/pref/pref-colors.dtd,valid,-15/6/8/0,,
241973,318,720,zip,locale/en-US/communicator/pref/pref-themes.dtd,valid,-15/6/8/0,,
242387,611,1358,zip,locale/en-US/communicator/pref/pref-debug.dtd,valid,-15/6/8/0,,
243095,344,961,zip,locale/en-US/communicator/pref/pref-debug1.dtd,valid,-15/6/8/0,,
243536,322,790,zip,locale/en-US/communicator/pref/pref-debug2.dtd,valid,-15/6/8/0,,
243954,1150,4520,zip,locale/en-US/communicator/pref/pref-fonts.dtd,valid,-15/6/8/0,,
245202,351,1060,zip,locale/en-US/communicator/pref/pref-history.dtd,valid,-15/6/8/0,,
245648,248,813,zip,locale/en-US/communicator/pref/pref-http.dtd,valid,-15/6/8/0,,
245996,675,2571,zip,locale/en-US/communicator/pref/pref-languages.dtd,valid,-15/6/8/0,,
246778,45,48,zip,locale/en-US/communicator/pref/pref-languages.properties,valid,-15/6/8/0,,
246923,361,1140,zip,locale/en-US/communicator/pref/pref-navigator.dtd,valid,-15/6/8/0,,
247382,506,1293,zip,locale/en-US/communicator/pref/pref-offline.dtd,valid,-15/6/8/0,,
247987,337,799,zip,locale/en-US/communicator/pref/pref-policies.dtd,valid,-15/6/8/0,,
248422,581,2058,zip,locale/en-US/communicator/pref/pref-proxies.dtd,valid,-15/6/8/0,,
249106,327,633,zip,locale/en-US/communicator/pref/pref-proxy-manual.dtd,valid,-15/6/8/0,,
249531,453,1055,zip,locale/en-US/communicator/pref/pref-scripts.dtd,valid,-15/6/8/0,,
250081,367,990,zip,locale/en-US/communicator/pref/pref-search.dtd,valid,-15/6/8/0,,
250547,682,1315,zip,locale/en-US/communicator/pref/pref-security.dtd,valid,-15/6/8/0,,
251334,782,2717,zip,locale/en-US/communicator/pref/pref-smart_browsing.dtd,valid,-15/6/8/0,,
252218,512,1548,zip,locale/en-US/communicator/pref/pref-smartupdate.dtd,valid,-15/6/8/0,,
252825,238,485,zip,locale/en-US/communicator/pref/pref-tabs.dtd,valid,-15/6/8/0,,
253169,462,918,zip,locale/en-US/communicator/pref/prefutilities.properties,valid,-15/6/8/0,,
253725,563,1458,zip,locale/en-US/communicator/pref/preftree.dtd,valid,-15/6/8/0,,
254378,412,716,zip,locale/en-US/communicator/pref/pref.dtd,valid,-15/6/8/0,,
254891,450,1231,zip,locale/en-US/communicator/pref/pref-mousewheel.dtd,valid,-15/6/8/0,,
255440,624,1919,zip,locale/en-US/communicator/pref/pref-winhooks.dtd,valid,-15/6/8/0,,
256164,63,90,zip,locale/en-US/communicator/regviewer/regviewer.dtd,valid,-15/6/8/0,,
256319,684,1696,zip,locale/en-US/communicator/search/find.dtd,valid,-15/6/8/0,,
257102,530,1073,zip,locale/en-US/communicator/search/findresults.dtd,valid,-15/6/8/0,,
257728,602,1397,zip,locale/en-US/communicator/search/internet.dtd,valid,-15/6/8/0,,
258433,636,1506,zip,locale/en-US/communicator/search/internetresults.dtd,valid,-15/6/8/0,,
259163,611,1429,zip,locale/en-US/communicator/search/search.dtd,valid,-15/6/8/0,,
259875,661,1663,zip,locale/en-US/communicator/search/search-editor.dtd,valid,-15/6/8/0,,
260644,143,352,zip,locale/en-US/communicator/search/search-editor.properties,valid,-15/6/8/0,,
260887,701,1696,zip,locale/en-US/communicator/search/search-panel.dtd,valid,-15/6/8/0,,
261695,318,685,zip,locale/en-US/communicator/search/search-panel.properties,valid,-15/6/8/0,,
262108,97,128,zip,locale/en-US/communicator/search/default.htm,valid,-15/6/8/0,,
262303,708,1867,zip,locale/en-US/communicator/sidebar/customize.dtd,valid,-15/6/8/0,,
263107,506,973,zip,locale/en-US/communicator/sidebar/preview.dtd,valid,-15/6/8/0,,
263714,666,1386,zip,locale/en-US/communicator/sidebar/local-panels.dtd,valid,-15/6/8/0,,
264483,878,2276,zip,locale/en-US/communicator/sidebar/sidebarOverlay.dtd,valid,-15/6/8/0,,
265464,274,531,zip,locale/en-US/communicator/sidebar/sidebar.properties,valid,-15/6/8/0,,
265846,139,173,zip,locale/en-US/communicator/update-notifications.properties,valid,-15/6/8/0,,
266083,191,370,zip,locale/en-US/communicator/timebomb/timebomb.dtd,valid,-15/6/8/0,,
266365,1211,3536,zip,locale/en-US/global/downloadProgress.dtd,valid,-15/6/8/0,,
267674,778,1956,zip,locale/en-US/global/downloadProgress.properties,valid,-15/6/8/0,,
268537,267,585,zip,locale/en-US/global/filepicker.dtd,valid,-15/6/8/0,,
268896,467,1084,zip,locale/en-US/global/filepicker.properties,valid,-15/6/8/0,,
269445,733,1654,zip,locale/en-US/global/console.dtd,valid,-15/6/8/0,,
270267,98,158,zip,locale/en-US/global/console.properties,valid,-15/6/8/0,,
270450,260,671,zip,locale/en-US/global/finddialog.dtd,valid,-15/6/8/0,,
270802,65,70,zip,locale/en-US/global/finddialog.properties,valid,-15/6/8/0,,
270955,258,640,zip,locale/en-US/global/replacedialog.dtd,valid,-15/6/8/0,,
271311,2023,6509,zip,locale/en-US/global/ldapAutoCompErrs.properties,valid,-15/6/8/0,,
273420,356,816,zip,locale/en-US/navigator/contents.rdf,valid,-15/6/8/0,,
273864,257,634,zip,locale/en-US/navigator/viewSource.dtd,valid,-15/6/8/0,,
274207,1385,4443,zip,locale/en-US/navigator/pageInfo.dtd,valid,-15/6/8/0,,
275685,903,1817,zip,locale/en-US/navigator/pageInfo.properties,valid,-15/6/8/0,,
276675,2257,8921,zip,locale/en-US/navigator/navigator.dtd,valid,-15/6/8/0,,
279025,162,410,zip,locale/en-US/navigator/navigator-title.dtd,valid,-15/6/8/0,,
279281,1640,3593,zip,locale/en-US/navigator/navigator.properties,valid,-15/6/8/0,,
281007,341,1137,zip,locale/en-US/navigator/metadata.dtd,valid,-15/6/8/0,,
281441,113,171,zip,locale/en-US/navigator/metadata.properties,valid,-15/6/8/0,,
281643,1182,3032,zip,locale/en-US/navigator/linkToolbar.dtd,valid,-15/6/8/0,,
282914,223,435,zip,locale/en-US/navigator/turboDialog.dtd,valid,-15/6/8/0,,
283231,219,371,zip,locale/en-US/navigator/turboMenu.properties,valid,-15/6/8/0,,
283539,358,822,zip,locale/en-US/communicator/contents.rdf,valid,-15/6/8/0,,
283992,1132,4096,zip,locale/en-US/communicator/utilityOverlay.dtd,valid,-15/6/8/0,,
285226,89,168,zip,locale/en-US/communicator/utilityOverlay.properties,valid,-15/6/8/0,,
285408,269,557,zip,locale/en-US/communicator/openLocation.dtd,valid,-15/6/8/0,,
285777,85,105,zip,locale/en-US/communicator/openLocation.properties,valid,-15/6/8/0,,
285950,569,1581,zip,locale/en-US/communicator/taskbar.rdf,valid,-15/6/8/0,,
286612,467,1550,zip,locale/en-US/communicator/tasksOverlay.dtd,valid,-15/6/8/0,,
287174,121,170,zip,locale/en-US/communicator/taskbarOverlay.dtd,valid,-15/6/8/0,,
287395,743,3811,zip,locale/en-US/communicator/contentAreaCommands.dtd,valid,-15/6/8/0,,
288245,370,671,zip,locale/en-US/communicator/contentAreaCommands.properties,valid,-15/6/8/0,,
288707,816,1709,zip,locale/en-US/communicator/askViewZoom.dtd,valid,-15/6/8/0,,
289619,215,567,zip,locale/en-US/communicator/viewZoomOverlay.dtd,valid,-15/6/8/0,,
289937,348,618,zip,locale/en-US/communicator/viewZoomOverlay.properties,valid,-15/6/8/0,,
290378,1065,2806,zip,locale/en-US/communicator/printPreview.dtd,valid,-15/6/8/0,,
291538,571,1678,zip,locale/en-US/communicator/printPageSetup.dtd,valid,-15/6/8/0,,
292211,560,1035,zip,locale/en-US/communicator/printPageSetup.properties,valid,-15/6/8/0,,
292854,417,1026,zip,locale/en-US/global/contents.rdf,valid,-15/6/8/0,,
293350,125,159,zip,locale/en-US/global/intl.css,valid,-15/6/8/0,,
293676,190,334,zip,locale/en-US/global/commonDialog.dtd,valid,-15/6/8/0,,
293955,245,890,zip,locale/en-US/global/charsetOverlay.dtd,valid,-15/6/8/0,,
294298,103,146,zip,locale/en-US/global/charsetDetectorsOverlay.dtd,valid,-15/6/8/0,,
294487,134,399,zip,locale/en-US/global/textcontext.dtd,valid,-15/6/8/0,,
294708,45,67,zip,locale/en-US/global/brand.properties,valid,-15/6/8/0,,
294833,95,174,zip,locale/en-US/global/brand.dtd,valid,-15/6/8/0,,
295013,162,507,zip,locale/en-US/global/tabbrowser.dtd,valid,-15/6/8/0,,
295267,244,447,zip,locale/en-US/global/tabbrowser.properties,valid,-15/6/8/0,,
295606,47,63,zip,locale/en-US/global/wizardManager.properties,valid,-15/6/8/0,,
295741,82,190,zip,locale/en-US/global/wizardOverlay.dtd,valid,-15/6/8/0,,
295909,942,2088,zip,locale/en-US/global/keys.properties,valid,-15/6/8/0,,
296932,568,1078,zip,locale/en-US/global/config.dtd,valid,-15/6/8/0,,
297580,101,222,zip,locale/en-US/global/about.dtd,valid,-15/6/8/0,,
297776,514,882,zip,locale/en-US/global/accept2locale.properties,valid,-15/6/8/0,,
298385,999,1894,zip,locale/en-US/global/languageNames.properties,valid,-15/6/8/0,,
299477,554,917,zip,locale/en-US/global/regionNames.properties,valid,-15/6/8/0,,
300112,1596,3314,zip,locale/en-US/global/about.html,valid,-15/6/8/0,,
301803,156,253,zip,locale/en-US/global/commonDialogs.properties,valid,-15/6/8/0,,
302048,198,401,zip,locale/en-US/global/plugins.properties,valid,-15/6/8/0,,
302463,64,83,zip,locale/en-US/global/dialog.properties,valid,-15/6/8/0,,
302613,333,1008,zip,locale/en-US/global/printdialog.dtd,valid,-15/6/8/0,,
303034,368,688,zip,locale/en-US/global/printProgress.dtd,valid,-15/6/8/0,,
303509,1346,3360,zip,locale/en-US/communicator/xpinstall/xpinstall.properties,valid,-15/6/8/0,,
304955,97,117,zip,locale/en-US/communicator/xpinstall/xpistatus.dtd,valid,-15/6/8/0,,
305152,206,325,zip,locale/en-US/communicator/xpinstall/institems.dtd,valid,-15/6/8/0,,
305441,398,948,zip,locale/en-US/cookie/contents.rdf,valid,-15/6/8/0,,
305932,96,108,zip,locale/en-US/cookie/cookieTasksOverlay.dtd,valid,-15/6/8/0,,
306125,334,1369,zip,locale/en-US/cookie/cookieNavigatorOverlay.dtd,valid,-15/6/8/0,,
306554,97,230,zip,locale/en-US/cookie/cookieContextOverlay.dtd,valid,-15/6/8/0,,
306744,45,66,zip,locale/en-US/cookie/cookiePrefsOverlay.dtd,valid,-15/6/8/0,,
306876,481,1538,zip,locale/en-US/cookie/pref-cookies.dtd,valid,-15/6/8/0,,
307443,544,1493,zip,locale/en-US/cookie/pref-images.dtd,valid,-15/6/8/0,,
308065,1490,4124,zip,locale/en-US/cookie/p3p.dtd,valid,-15/6/8/0,,
309638,397,948,zip,locale/en-US/wallet/contents.rdf,valid,-15/6/8/0,,
310132,284,973,zip,locale/en-US/wallet/walletNavigatorOverlay.dtd,valid,-15/6/8/0,,
310509,377,1391,zip,locale/en-US/wallet/walletTasksOverlay.dtd,valid,-15/6/8/0,,
310979,51,69,zip,locale/en-US/wallet/walletPrefsOverlay.dtd,valid,-15/6/8/0,,
311116,274,768,zip,locale/en-US/wallet/pref-wallet.dtd,valid,-15/6/8/0,,
311479,402,1107,zip,locale/en-US/wallet/pref-passwords.dtd,valid,-15/6/8/0,,
311988,817,1700,zip,locale/en-US/communicator/wallet/CookieViewer.properties,valid,-15/6/8/0,,
312905,516,1935,zip,locale/en-US/communicator/wallet/CookieViewer.dtd,valid,-15/6/8/0,,
313528,582,1143,zip,locale/en-US/communicator/wallet/WalletEditor.properties,valid,-15/6/8/0,,
314210,318,961,zip,locale/en-US/communicator/wallet/WalletEditor.dtd,valid,-15/6/8/0,,
314635,22,27,zip,locale/en-US/communicator/wallet/SignonViewer.properties,valid,-15/6/8/0,,
314757,313,1138,zip,locale/en-US/communicator/wallet/SignonViewer.dtd,valid,-15/6/8/0,,
315171,173,289,zip,locale/en-US/communicator/wallet/WalletPreview.dtd,valid,-15/6/8/0,,
315445,734,1915,zip,locale/en-US/communicator/wallet/cookie.properties,valid,-15/6/8/0,,
316280,1788,5230,zip,locale/en-US/communicator/wallet/wallet.properties,valid,-15/6/8/0,,
318163,71,100,zip,locale/en-US/communicator/wallet/privacy.dtd,valid,-15/6/8/0,,
318330,7569,21423,zip,locale/en-US/communicator/wallet/privacy.html,valid,-15/6/8/0,,
325993,940,2073,zip,locale/en-US/communicator/wallet/index.html,valid,-15/6/8/0,,
327029,401,1115,zip,locale/en-US/communicator/wallet/sample1.html,valid,-15/6/8/0,,
327526,1554,12982,zip,locale/en-US/communicator/wallet/sample2.html,valid,-15/6/8/0,,
329176,1587,19913,zip,locale/en-US/communicator/wallet/sample3.html,valid,-15/6/8/0,,
330859,1455,12390,zip,locale/en-US/communicator/wallet/sample4.html,valid,-15/6/8/0,,
332410,990,6300,zip,locale/en-US/communicator/wallet/sample5.html,valid,-15/6/8/0,,
333496,1908,10407,zip,locale/en-US/communicator/wallet/sample6.html,valid,-15/6/8/0,,
335500,1602,16536,zip,locale/en-US/communicator/wallet/sample7.html,valid,-15/6/8/0,,
337198,3242,28664,zip,locale/en-US/communicator/wallet/sample8.html,valid,-15/6/8/0,,
340536,1396,11924,zip,locale/en-US/communicator/wallet/sample9.html,valid,-15/6/8/0,,
342029,4432,19987,zip,locale/en-US/communicator/wallet/sample10.html,valid,-15/6/8/0,,
346561,1193,5538,zip,locale/en-US/communicator/wallet/WalletViewer.dtd,valid,-15/6/8/0,,
347847,45,47,zip,locale/en-US/content-packs/prefOverlay.dtd,valid,-15/6/8/0,,
347991,387,972,zip,locale/en-US/content-packs/pref-contentpacks.dtd,valid,-15/6/8/0,,
348468,400,930,zip,locale/en-US/content-packs/contents.rdf,valid,-15/6/8/0,,
348952,356,844,zip,locale/en-US/help/mozillahelp.rdf,valid,-15/6/8/0,,
349390,5322,87949,zip,locale/en-US/help/search-db.rdf,valid,-15/6/8/0,,
354793,409,947,zip,locale/en-US/help/testhelp.rdf,valid,-15/6/8/0,,
355288,1707,10655,zip,locale/en-US/help/help-glossary.rdf,valid,-15/6/8/0,,
357076,351,808,zip,locale/en-US/help/contents.rdf,valid,-15/6/8/0,,
357509,11358,40186,zip,locale/en-US/help/glossary.html,valid,-15/6/8/0,,
368953,594,1183,zip,locale/en-US/help/welcome_help.html,valid,-15/6/8/0,,
369628,10249,122613,zip,locale/en-US/help/help-toc.rdf,diff,-15/6/8/2,0,10312
379961,3378,51279,zip,locale/en-US/help/help-index1.rdf,valid,-15/6/8/0,,
383424,482,2490,zip,locale/en-US/help/help-indexAZ.rdf,valid,-15/6/8/0,,
383988,15128,56432,zip,locale/en-US/help/nav_help.html,valid,-15/6/8/0,,
399199,34504,161861,zip,locale/en-US/help/mail_help.html,diff,-15/6/8/2,0,34564
433790,4900,16806,zip,locale/en-US/help/mail_sec_help.html,valid,-15/6/8/0,,
438777,17657,69907,zip,locale/en-US/help/composer_help.html,valid,-15/6/8/0,,
456522,8540,33664,zip,locale/en-US/help/customize_help.html,valid,-15/6/8/0,,
465146,4317,18168,zip,locale/en-US/help/certs_help.html,valid,-15/6/8/0,,
469553,6573,24105,zip,locale/en-US/help/cert_dialog_help.html,valid,-15/6/8/0,,
476216,1349,3300,zip,locale/en-US/help/certs_prefs_help.html,valid,-15/6/8/0,,
477653,213,371,zip,locale/en-US/help/cs_nav_dialogs.html,valid,-15/6/8/0,,
477961,3536,12645,zip,locale/en-US/help/cs_nav_prefs_advanced.html,valid,-15/6/8/0,,
481594,2618,8937,zip,locale/en-US/help/cs_nav_prefs_appearance.html,valid,-15/6/8/0,,
484308,3462,12733,zip,locale/en-US/help/cs_nav_prefs_navigator.html,valid,-15/6/8/0,,
487858,213,371,zip,locale/en-US/help/cs_nav_sidebar.html,valid,-15/6/8/0,,
488159,3263,9696,zip,locale/en-US/help/page_info_help.html,valid,-15/6/8/0,,
491510,4961,18466,zip,locale/en-US/help/passwords_help.html,valid,-15/6/8/0,,
496555,819,1780,zip,locale/en-US/help/prefs_help.html,valid,-15/6/8/0,,
497460,5085,14227,zip,locale/en-US/help/privacy_help.html,valid,-15/6/8/0,,
502631,769,1717,zip,locale/en-US/help/privsec_help.html,valid,-15/6/8/0,,
503487,1645,4215,zip,locale/en-US/help/profiles_help.html,valid,-15/6/8/0,,
505214,2755,7553,zip,locale/en-US/help/ssl_help.html,valid,-15/6/8/0,,
508061,1875,8486,zip,locale/en-US/help/ssl_page_info_help.html,valid,-15/6/8/0,,
510025,14213,60226,zip,locale/en-US/help/using_priv_help.html,valid,-15/6/8/0,,
524328,8724,33429,zip,locale/en-US/help/using_certs_help.html,valid,-15/6/8/0,,
533141,3370,10574,zip,locale/en-US/help/validation_help.html,valid,-15/6/8/0,,
536597,882,3849,zip,locale/en-US/help/content_style.css,valid,-15/6/8/0,,
537556,315,859,zip,locale/en-US/help/help.dtd,valid,-15/6/8/0,,
537959,58,90,zip,locale/en-US/help/helpMenuOverlay.dtd,valid,-15/6/8/0,,
538103,519,1197,zip,locale/en-US/help/images/anchor.gif,valid,-15/6/8/0,,
538715,158,906,zip,locale/en-US/help/images/anchor-in-doc.gif,valid,-15/6/8/0,,
538959,305,317,zip,locale/en-US/help/images/banner.gif,valid,-15/6/8/0,,
539352,279,944,zip,locale/en-US/help/images/biActive.gif,valid,-15/6/8/0,,
542566,178,907,zip,locale/en-US/help/images/bullets.gif,valid,-15/6/8/0,,
542840,28741,29218,zip,locale/en-US/help/images/checkspellingbox.gif,valid,-15/6/9/0,,
571668,361,1051,zip,locale/en-US/help/images/columns.gif,valid,-15/6/8/0,,
572122,1333,1558,zip,locale/en-US/help/images/composer_icon.gif,valid,-15/6/8/0,,
573539,159,880,zip,locale/en-US/help/images/flag.gif,valid,-15/6/8/0,,
573789,355,1040,zip,locale/en-US/help/images/flag_column.gif,valid,-15/6/8/0,,
574229,211,944,zip,locale/en-US/help/images/frown.gif,valid,-15/6/8/0,,
574525,363,1045,zip,locale/en-US/help/images/hrule.gif,valid,-15/6/8/0,,
574973,554,1219,zip,locale/en-US/help/images/image.gif,valid,-15/6/8/0,,
575613,400,1126,zip,locale/en-US/help/images/image5.gif,valid,-15/6/8/0,,
576099,1745,2417,zip,locale/en-US/help/images/image6.gif,valid,-15/6/8/0,,
577930,2263,2950,zip,locale/en-US/help/images/image7.gif,valid,-15/6/8/0,,
580279,153,891,zip,locale/en-US/help/images/image8.gif,valid,-15/6/8/0,,
580518,754,1470,zip,locale/en-US/help/images/image9.gif,valid,-15/6/8/0,,
581361,1773,1972,zip,locale/en-US/help/images/imtaskbar.gif,valid,-15/6/8/0,,
583218,466,1141,zip,locale/en-US/help/images/link.gif,valid,-15/6/8/0,,
583775,3011,3208,zip,locale/en-US/help/images/locationbar.gif,valid,-15/6/8/0,,
586874,1810,2013,zip,locale/en-US/help/images/mailicon.gif,valid,-15/6/8/0,,
590427,4324,4563,zip,locale/en-US/help/images/navbuttons.gif,valid,-15/6/8/0,,
594838,1707,1913,zip,locale/en-US/help/images/newmail.gif,valid,-15/6/8/0,,
596632,220,940,zip,locale/en-US/help/images/numbers.gif,valid,-15/6/8/0,,
596941,2448,2996,zip,locale/en-US/help/images/paperclip.gif,valid,-15/6/8/0,,
599480,5297,5334,zip,locale/en-US/help/images/personalbar.gif,valid,-15/6/8/0,,
604861,70,820,zip,locale/en-US/help/images/read.gif,valid,-15/6/8/0,,
605022,346,1043,zip,locale/en-US/help/images/read_column.gif,valid,-15/6/8/0,,
605454,3368,3548,zip,locale/en-US/help/images/reload.gif,valid,-15/6/8/0,,
608908,2654,2849,zip,locale/en-US/help/images/search.gif,valid,-15/6/8/0,,
611653,9712,9871,zip,locale/en-US/help/images/searchmusic.gif,valid,-15/6/8/0,,
621468,1187,1416,zip,locale/en-US/help/images/search_personal_toolbar.gif,valid,-15/6/8/0,,
622739,201,932,zip,locale/en-US/help/images/sick.gif,valid,-15/6/8/0,,
634664,189,922,zip,locale/en-US/help/images/smile.gif,valid,-15/6/8/0,,
634946,11371,11799,zip,locale/en-US/help/images/spell_toolbar.gif,valid,-15/6/8/0,,
646416,2888,2899,zip,locale/en-US/help/images/tabbed_browsing_bar.gif,valid,-15/6/8/0,,
649389,569,1245,zip,locale/en-US/help/images/table.gif,valid,-15/6/8/0,,
650586,1772,1977,zip,locale/en-US/help/images/taskbar-ab.gif,valid,-15/6/8/0,,
652456,101,112,zip,locale/en-US/help/images/taskbar-aim-online.gif,valid,-15/6/8/0,,
652649,361,943,zip,locale/en-US/help/images/taskbar-mail.gif,valid,-15/6/8/0,,
653097,1624,1924,zip,locale/en-US/help/images/taskbar.gif,valid,-15/6/8/0,,
654814,13665,13845,zip,locale/en-US/help/images/taskbar_menus.gif,valid,-15/6/8/0,,
668565,74,76,zip,locale/en-US/help/images/thread.gif,valid,-15/6/8/0,,
668731,2214,2735,zip,locale/en-US/help/images/threadbutton.gif,valid,-15/6/8/0,,
671031,113,858,zip,locale/en-US/help/images/unread.gif,valid,-15/6/8/0,,
671228,189,922,zip,locale/en-US/help/images/wink.gif,valid,-15/6/8/0,,
671500,214,922,zip,locale/en-US/help/images/pen.gif,valid,-15/6/8/0,,
671797,208,924,zip,locale/en-US/help/images/key.gif,valid,-15/6/8/0,,
672088,400,911,zip,locale/en-US/pipnss/contents.rdf,valid,-15/6/8/0,,
672576,3750,11203,zip,locale/en-US/pipnss/pipnss.properties,valid,-15/6/8/0,,
676409,800,1751,zip,locale/en-US/pippki/contents.rdf,valid,-15/6/8/0,,
677290,2057,6163,zip,locale/en-US/pippki/pippki.dtd,valid,-15/6/8/0,,
679430,1255,3776,zip,locale/en-US/pippki/pref-ssl.dtd,valid,-15/6/8/0,,
680773,3198,9092,zip,locale/en-US/pippki/pippki.properties,valid,-15/6/8/0,,
684057,556,1152,zip,locale/en-US/pippki/PrefOverlay.dtd,valid,-15/6/8/0,,
684704,579,1049,zip,locale/en-US/pippki/newserver.properties,valid,-15/6/8/0,,
685367,482,838,zip,locale/en-US/pippki/newserver.dtd,valid,-15/6/8/0,,
685937,741,1817,zip,locale/en-US/pippki/pref-security.dtd,valid,-15/6/8/0,,
686768,525,1003,zip,locale/en-US/pippki/PageInfoOverlay.dtd,valid,-15/6/8/0,,
687379,1431,4650,zip,locale/en-US/pippki/certManager.dtd,valid,-15/6/8/0,,
688898,729,1731,zip,locale/en-US/pippki/deviceManager.dtd,valid,-15/6/8/0,,
689717,1194,3525,zip,locale/en-US/pippki/pref-validation.dtd,valid,-15/6/8/0,,
691001,795,1869,zip,locale/en-US/pippki/pref-masterpass.dtd,valid,-15/6/8/0,,
691880,494,1418,zip,locale/en-US/messenger/am-mdn.dtd,valid,-15/6/8/0,,
692465,55,56,zip,locale/en-US/messenger/am-mdn.properties,valid,-15/6/8/0,,
692610,359,824,zip,locale/en-US/messenger-mdn/contents.rdf,valid,-15/6/8/0,,
693060,1351,3219,zip,locale/en-US/messenger/msgmdn.properties,valid,-15/6/8/0,,
694497,296,771,zip,locale/en-US/messenger/am-smime.dtd,valid,-15/6/8/0,,
694886,426,1359,zip,locale/en-US/messenger/am-smime.properties,valid,-15/6/8/0,,
695415,283,873,zip,locale/en-US/messenger-smime/msgCompSMIMEOverlay.dtd,valid,-15/6/8/0,,
695808,148,194,zip,locale/en-US/messenger-smime/msgCompSMIMEOverlay.properties,valid,-15/6/8/0,,
696059,143,194,zip,locale/en-US/messenger-smime/msgReadSMIMEOverlay.dtd,valid,-15/6/8/0,,
696305,318,634,zip,locale/en-US/messenger-smime/msgCompSecurityInfo.dtd,valid,-15/6/8/0,,
696733,106,194,zip,locale/en-US/messenger-smime/msgCompSecurityInfo.properties,valid,-15/6/8/0,,
696942,228,442,zip,locale/en-US/messenger-smime/msgReadSecurityInfo.dtd,valid,-15/6/8/0,,
697276,1323,5182,zip,locale/en-US/messenger-smime/msgSecurityInfo.properties,valid,-15/6/8/0,,
698691,360,828,zip,locale/en-US/messenger-smime/contents.rdf,valid,-15/6/8/0,,
699137,356,816,zip,locale/en-US/messenger/contents.rdf,valid,-15/6/8/0,,
699606,487,852,zip,locale/en-US/messenger/addressbook/abAddressBookNameDialog.dtd,valid,-15/6/8/0,,
700196,931,2597,zip,locale/en-US/messenger/addressbook/abCardOverlay.dtd,valid,-15/6/8/0,,
701234,605,1163,zip,locale/en-US/messenger/addressbook/abCardViewOverlay.dtd,valid,-15/6/8/0,,
701945,450,772,zip,locale/en-US/messenger/addressbook/abDirTreeOverlay.dtd,valid,-15/6/8/0,,
702497,1428,5548,zip,locale/en-US/messenger/addressbook/abMainWindow.dtd,valid,-15/6/8/0,,
704030,510,871,zip,locale/en-US/messenger/addressbook/abNewCardDialog.dtd,valid,-15/6/8/0,,
704650,1161,3304,zip,locale/en-US/messenger/addressbook/abResultsPaneOverlay.dtd,valid,-15/6/8/0,,
705924,698,1518,zip,locale/en-US/messenger/addressbook/abSelectAddressesDialog.dtd,valid,-15/6/8/0,,
706728,694,1440,zip,locale/en-US/messenger/addressbook/abMailListDialog.dtd,valid,-15/6/8/0,,
707530,1545,3631,zip,locale/en-US/messenger/addressbook/addressBook.properties,valid,-15/6/8/0,,
709162,4949,23570,zip,locale/en-US/messenger/messenger.dtd,valid,-15/6/8/0,,
714206,688,1526,zip,locale/en-US/messenger/msgAccountCentral.dtd,valid,-15/6/8/0,,
714988,3358,8992,zip,locale/en-US/messenger/messenger.properties,valid,-15/6/8/0,,
718434,658,1486,zip,locale/en-US/messenger/threadpane.dtd,valid,-15/6/8/0,,
719180,571,1025,zip,locale/en-US/messenger/folderpane.dtd,valid,-15/6/8/0,,
719844,678,1410,zip,locale/en-US/messenger/newFolderDialog.dtd,valid,-15/6/8/0,,
720618,569,1073,zip,locale/en-US/messenger/renameFolderDialog.dtd,valid,-15/6/8/0,,
721276,926,2462,zip,locale/en-US/messenger/folderProps.dtd,valid,-15/6/8/0,,
722289,573,1217,zip,locale/en-US/messenger/subscribe.dtd,valid,-15/6/8/0,,
722956,499,886,zip,locale/en-US/messenger/subscribe.properties,valid,-15/6/8/0,,
723555,586,1446,zip,locale/en-US/messenger/msgFolderPickerOverlay.dtd,valid,-15/6/8/0,,
724236,735,1723,zip,locale/en-US/messenger/msgHdrViewOverlay.dtd,valid,-15/6/8/0,,
725065,278,763,zip,locale/en-US/messenger/mailTasksOverlay.dtd,valid,-15/6/8/0,,
725441,47,55,zip,locale/en-US/messenger/mailTurboMenu.properties,valid,-15/6/8/0,,
725586,180,661,zip,locale/en-US/messenger/mailNavigatorOverlay.dtd,valid,-15/6/8/0,,
725861,57,106,zip,locale/en-US/messenger/mailEditorOverlay.dtd,valid,-15/6/8/0,,
726007,102,265,zip,locale/en-US/messenger/mailOverlay.dtd,valid,-15/6/8/0,,
726201,363,939,zip,locale/en-US/messenger/msgSynchronize.dtd,valid,-15/6/8/0,,
726656,839,2549,zip,locale/en-US/messenger/offline.properties,valid,-15/6/8/0,,
727585,397,1569,zip,locale/en-US/messenger/SearchDialog.dtd,valid,-15/6/8/0,,
728076,246,691,zip,locale/en-US/messenger/FilterListDialog.dtd,valid,-15/6/8/0,,
728413,111,164,zip,locale/en-US/messenger/CustomHeaders.dtd,valid,-15/6/8/0,,
728614,489,1424,zip,locale/en-US/messenger/FilterEditor.dtd,valid,-15/6/8/0,,
729205,430,835,zip,locale/en-US/messenger/search-attributes.properties,valid,-15/6/8/0,,
729736,157,227,zip,locale/en-US/messenger/search-operators.properties,valid,-15/6/8/0,,
729984,331,614,zip,locale/en-US/messenger/search.properties,valid,-15/6/8/0,,
730406,468,1000,zip,locale/en-US/messenger/filter.properties,valid,-15/6/8/0,,
730965,93,113,zip,locale/en-US/messenger/custom.properties,valid,-15/6/8/0,,
731153,124,322,zip,locale/en-US/messenger/searchTermOverlay.dtd,valid,-15/6/8/0,,
731395,1212,3727,zip,locale/en-US/messenger/messengercompose/pref-composing_messages.dtd,valid,-15/6/8/0,,
732717,1279,3561,zip,locale/en-US/messenger/messengercompose/pref-formatting.dtd,valid,-15/6/8/0,,
734107,2281,8355,zip,locale/en-US/messenger/messengercompose/messengercompose.dtd,valid,-15/6/8/0,,
736506,196,374,zip,locale/en-US/messenger/messengercompose/addressingWidgetOverlay.dtd,valid,-15/6/8/0,,
736810,522,1429,zip,locale/en-US/messenger/messengercompose/askSendFormat.dtd,valid,-15/6/8/0,,
737439,386,807,zip,locale/en-US/messenger/messengercompose/sendProgress.dtd,valid,-15/6/8/0,,
737938,3454,9998,zip,locale/en-US/messenger/messengercompose/composeMsgs.properties,valid,-15/6/8/0,,
741485,2988,11023,zip,locale/en-US/messenger/imapMsgs.properties,valid,-15/6/8/0,,
744578,1174,2947,zip,locale/en-US/messenger/comm4xMailImportMsgs.properties,valid,-15/6/8/0,,
745853,1079,3424,zip,locale/en-US/messenger/eudoraImportMsgs.properties,valid,-15/6/8/0,,
747029,1019,2939,zip,locale/en-US/messenger/oeImportMsgs.properties,valid,-15/6/8/0,,
748150,966,2898,zip,locale/en-US/messenger/outlookImportMsgs.properties,valid,-15/6/8/0,,
749211,2224,9914,zip,locale/en-US/messenger/importMsgs.properties,valid,-15/6/8/0,,
751527,513,939,zip,locale/en-US/messenger/fieldMapExport.dtd,valid,-15/6/8/0,,
752132,686,1596,zip,locale/en-US/messenger/fieldMapImport.dtd,valid,-15/6/8/0,,
752908,1112,2678,zip,locale/en-US/messenger/importDialog.dtd,valid,-15/6/8/0,,
754119,777,1679,zip,locale/en-US/messenger/textImportMsgs.properties,valid,-15/6/8/0,,
754990,2361,6810,zip,locale/en-US/messenger/localMsgs.properties,valid,-15/6/8/0,,
757444,673,1288,zip,locale/en-US/messenger/downloadheaders.dtd,valid,-15/6/8/0,,
758206,1511,3584,zip,locale/en-US/messenger/news.properties,valid,-15/6/8/0,,
759806,766,1570,zip,locale/en-US/messenger/custreceipt.dtd,valid,-15/6/8/0,,
760664,968,2789,zip,locale/en-US/messenger/pref-diskspace.dtd,valid,-15/6/8/0,,
761723,1073,2831,zip,locale/en-US/messenger/pref-mailnews.dtd,valid,-15/6/8/0,,
762885,941,2163,zip,locale/en-US/messenger/pref-labels.dtd,valid,-15/6/8/0,,
763917,1052,2710,zip,locale/en-US/messenger/pref-receipts.dtd,valid,-15/6/8/0,,
765068,1116,3160,zip,locale/en-US/messenger/pref-viewing_messages.dtd,valid,-15/6/8/0,,
766272,261,500,zip,locale/en-US/messenger/aw-accname.dtd,valid,-15/6/8/0,,
766625,327,708,zip,locale/en-US/messenger/aw-accounttype.dtd,valid,-15/6/8/0,,
767037,327,811,zip,locale/en-US/messenger/aw-done.dtd,valid,-15/6/8/0,,
767450,219,363,zip,locale/en-US/messenger/aw-email.dtd,valid,-15/6/8/0,,
767758,409,809,zip,locale/en-US/messenger/aw-identity.dtd,valid,-15/6/8/0,,
768253,442,973,zip,locale/en-US/messenger/aw-login.dtd,valid,-15/6/8/0,,
768784,219,447,zip,locale/en-US/messenger/aw-mailtype.dtd,valid,-15/6/8/0,,
769090,715,2314,zip,locale/en-US/messenger/aw-server.dtd,valid,-15/6/8/0,,
769897,480,939,zip,locale/en-US/messenger/AccountManager.dtd,valid,-15/6/8/0,,
770468,1542,5577,zip,locale/en-US/messenger/AccountWizard.dtd,valid,-15/6/8/0,,
772099,361,881,zip,locale/en-US/messenger/am-advanced.dtd,valid,-15/6/8/0,,
772554,339,761,zip,locale/en-US/messenger/am-imap-advanced.dtd,valid,-15/6/8/0,,
772980,481,1500,zip,locale/en-US/messenger/am-copies.dtd,valid,-15/6/8/0,,
773549,666,2391,zip,locale/en-US/messenger/am-offline.dtd,valid,-15/6/8/0,,
774306,252,546,zip,locale/en-US/messenger/am-addressing.dtd,valid,-15/6/8/0,,
774643,567,1506,zip,locale/en-US/messenger/am-main.dtd,valid,-15/6/8/0,,
775308,215,343,zip,locale/en-US/messenger/am-identity-advanced.dtd,valid,-15/6/8/0,,
775614,967,2903,zip,locale/en-US/messenger/am-server-top.dtd,valid,-15/6/8/0,,
776671,1427,3383,zip,locale/en-US/messenger/prefs.properties,valid,-15/6/8/0,,
778201,149,256,zip,locale/en-US/messenger/am-serverwithnoidentities.dtd,valid,-15/6/8/0,,
778442,232,451,zip,locale/en-US/messenger/SmtpServerList.dtd,valid,-15/6/8/0,,
778767,193,444,zip,locale/en-US/messenger/smtpEditOverlay.dtd,valid,-15/6/8/0,,
779054,227,595,zip,locale/en-US/messenger/mailPrefsOverlay.dtd,valid,-15/6/8/0,,
779384,881,1997,zip,locale/en-US/messenger/addressbook/absync.properties,valid,-15/6/8/0,,
780370,1107,3076,zip,locale/en-US/messenger/addressbook/pref-addressing.dtd,valid,-15/6/8/0,,
781581,658,1703,zip,locale/en-US/messenger/addressbook/pref-directory.dtd,valid,-15/6/8/0,,
782347,1029,2922,zip,locale/en-US/messenger/addressbook/pref-directory-add.dtd,valid,-15/6/8/0,,
783485,869,2004,zip,locale/en-US/messenger/addressbook/replicationProgress.dtd,valid,-15/6/8/0,,
784470,1159,2688,zip,locale/en-US/messenger/addressbook/replicationProgress.properties,valid,-15/6/8/0,,
785718,2306,6408,zip,locale/en-US/messenger/mime.properties,valid,-15/6/8/0,,
788119,831,1536,zip,locale/en-US/messenger/mimeheader.properties,valid,-15/6/8/0,,
789040,1734,6103,zip,locale/en-US/messenger/vcard.properties,valid,-15/6/8/0,,
790864,602,1030,zip,locale/en-US/messenger/smime.properties,valid,-15/6/8/0,,
